contractsymbol,lasttradedate,strike,lastprice,bid,ask,change,percentchange,volume,openinterest,impliedvolatility,inthemoney,contractsize,currency,option_type,ticker,expiration,valuation_date,mid,days_to_expiry,ttm,spot,moneyness,spread,spread_over_mid,trade_age_days,log_moneyness,maturity_bucket
GOOG260410C00255000,2026-04-02 19:32:47,255.0,39.35,37.2,41.05,8.099998,25.919994,2.0,52,0.7768577001953125,True,REGULAR,USD,call,GOOG,2026-04-10,2026-04-03,39.125,7,0.019178082191780823,294.4599914550781,0.8659920104592612,3.8499999999999943,0.09840255591054299,1,-0.14387959625987967,weekly
GOOG260410C00260000,2026-04-02 19:46:45,260.0,34.0,33.6,35.75,-1.8800011,-5.239691,5.0,72,0.6584506811523438,True,REGULAR,USD,call,GOOG,2026-04-10,2026-04-03,34.675,7,0.019178082191780823,294.4599914550781,0.8829722459584625,2.1499999999999986,0.062004325883201115,1,-0.12446151040277803,weekly
GOOG260410C00265000,2026-04-02 19:50:38,265.0,29.62,27.65,31.3,-0.36999893,-1.233741,26.0,40,0.6477086010742188,True,REGULAR,USD,call,GOOG,2026-04-10,2026-04-03,29.475,7,0.019178082191780823,294.4599914550781,0.8999524814576637,3.650000000000002,0.12383375742154375,1,-0.1054133154320835,weekly
GOOG260410C00267500,2026-03-31 15:30:18,267.5,15.65,25.1,28.65,0.0,0.0,29.0,62,0.5905802661132813,True,REGULAR,USD,call,GOOG,2026-04-10,2026-04-03,26.875,7,0.019178082191780823,294.4599914550781,0.9084425992072642,3.549999999999997,0.13209302325581385,3,-0.09602357508224457,weekly
GOOG260410C00270000,2026-04-02 19:59:53,270.0,25.0,23.0,26.0,-1.1499996,-4.397704,15.0,179,0.534184345703125,True,REGULAR,USD,call,GOOG,2026-04-10,2026-04-03,24.5,7,0.019178082191780823,294.4599914550781,0.9169327169568648,3.0,0.12244897959183673,1,-0.08672118241993103,weekly
GOOG260410C00272500,2026-04-02 19:48:29,272.5,21.69,20.5,24.25,-1.9899998,-8.403715,24.0,219,0.567265069580078,True,REGULAR,USD,call,GOOG,2026-04-10,2026-04-03,22.375,7,0.019178082191780823,294.4599914550781,0.9254228347064655,3.75,0.16759776536312848,1,-0.077504527315007,weekly
GOOG260410C00275000,2026-04-02 19:57:55,275.0,20.14,19.35,20.9,-1.1599998,-5.446009,49.0,301,0.44360907958984375,True,REGULAR,USD,call,GOOG,2026-04-10,2026-04-03,20.125,7,0.019178082191780823,294.4599914550781,0.9339129524560661,1.5499999999999972,0.07701863354037253,1,-0.06837204375173445,weekly
GOOG260410C00277500,2026-04-02 19:28:45,277.5,17.32,16.55,19.2,-1.6700001,-8.794103,8.0,328,0.4753470434570312,True,REGULAR,USD,call,GOOG,2026-04-10,2026-04-03,17.875,7,0.019178082191780823,294.4599914550781,0.9424030702056667,2.6499999999999986,0.14825174825174817,1,-0.05932220823181651,weekly
GOOG260410C00280000,2026-04-02 19:52:37,280.0,15.5,14.75,16.35,-1.5,-8.823529,135.0,766,0.4018614501953125,True,REGULAR,USD,call,GOOG,2026-04-10,2026-04-03,15.55,7,0.019178082191780823,294.4599914550781,0.9508931879552672,1.6000000000000014,0.10289389067524124,1,-0.0503535382490562,weekly
GOOG260410C00282500,2026-04-02 19:36:55,282.5,12.7,12.3,14.65,-2.13,-14.36278,79.0,363,0.4185849157714844,True,REGULAR,USD,call,GOOG,2026-04-10,2026-04-03,13.475000000000001,7,0.019178082191780823,294.4599914550781,0.9593833057048679,2.3499999999999996,0.17439703153988864,1,-0.04146459083181015,weekly
GOOG260410C00285000,2026-04-02 19:59:15,285.0,11.33,11.1,11.55,-1.0200005,-8.259113,425.0,1253,0.32691102783203124,True,REGULAR,USD,call,GOOG,2026-04-10,2026-04-03,11.325,7,0.019178082191780823,294.4599914550781,0.9678734234544685,0.45000000000000107,0.03973509933774844,1,-0.032653961149655235,weekly
GOOG260410C00287500,2026-04-02 19:57:57,287.5,9.3,9.2,9.6,-1.4499998,-13.48837,551.0,594,0.3156806713867187,True,REGULAR,USD,call,GOOG,2026-04-10,2026-04-03,9.399999999999999,7,0.019178082191780823,294.4599914550781,0.9763635412040691,0.40000000000000036,0.04255319148936175,1,-0.02392028118090061,weekly
GOOG260410C00290000,2026-04-02 19:59:40,290.0,7.58,7.4,7.75,-1.21,-13.765643,1364.0,1558,0.3023751403808594,True,REGULAR,USD,call,GOOG,2026-04-10,2026-04-03,7.575,7,0.019178082191780823,294.4599914550781,0.9848536589536697,0.34999999999999964,0.04620462046204616,1,-0.015262218437786003,weekly
GOOG260410C00292500,2026-04-02 19:58:11,292.5,5.9,5.8,6.1,-1.3499999,-18.620687,1228.0,971,0.291877198486328,True,REGULAR,USD,call,GOOG,2026-04-10,2026-04-03,5.949999999999999,7,0.019178082191780823,294.4599914550781,0.9933437767032702,0.2999999999999998,0.050420168067226864,1,-0.006678474746394621,weekly
GOOG260410C00295000,2026-04-02 19:59:00,295.0,4.45,4.4,4.6,-1.3500004,-23.27587,2113.0,1536,0.2795482202148437,False,REGULAR,USD,call,GOOG,2026-04-10,2026-04-03,4.5,7,0.019178082191780823,294.4599914550781,1.0018338944528709,0.1999999999999993,0.04444444444444429,1,0.0018322149215140434,weekly
GOOG260410C00297500,2026-04-02 19:58:28,297.5,3.21,3.1,3.4,-1.29,-28.666666,872.0,484,0.2727123510742187,False,REGULAR,USD,call,GOOG,2026-04-10,2026-04-03,3.25,7,0.019178082191780823,294.4599914550781,1.0103240122024715,0.2999999999999998,0.09230769230769226,1,0.010271083567378691,weekly
GOOG260410C00300000,2026-04-02 19:59:53,300.0,2.3,2.22,2.3,-1.1000001,-32.352943,2461.0,3920,0.25879647460937505,False,REGULAR,USD,call,GOOG,2026-04-10,2026-04-03,2.26,7,0.019178082191780823,294.4599914550781,1.018814129952072,0.07999999999999963,0.035398230088495415,1,0.018639333237895322,weekly
GOOG260410C00302500,2026-04-02 19:59:20,302.5,1.51,1.46,1.55,-0.8399999,-35.74468,6846.0,794,0.2533033654785156,False,REGULAR,USD,call,GOOG,2026-04-10,2026-04-03,1.505,7,0.019178082191780823,294.4599914550781,1.0273042477016727,0.09000000000000008,0.0598006644518273,1,0.026938136052590437,weekly
GOOG260410C00305000,2026-04-02 19:59:52,305.0,0.97,0.94,1.0,-0.8399999,-46.408836,1564.0,3108,0.2486647399902344,False,REGULAR,USD,call,GOOG,2026-04-10,2026-04-03,0.97,7,0.019178082191780823,294.4599914550781,1.0357943654512733,0.06000000000000005,0.06185567010309284,1,0.03516863518910593,weekly
GOOG260410C00307500,2026-04-02 19:58:15,307.5,0.63,0.58,0.67,-0.56000006,-47.058826,578.0,590,0.2507399145507812,False,REGULAR,USD,call,GOOG,2026-04-10,2026-04-03,0.625,7,0.019178082191780823,294.4599914550781,1.044284483200874,0.09000000000000008,0.14400000000000013,1,0.04333194582826689,weekly
GOOG260410C00310000,2026-04-02 19:58:39,310.0,0.39,0.38,0.4,-0.48000002,-55.172413,1075.0,2517,0.247077841796875,False,REGULAR,USD,call,GOOG,2026-04-10,2026-04-03,0.39,7,0.019178082191780823,294.4599914550781,1.0527746009504746,0.020000000000000018,0.05128205128205133,1,0.05142915606088628,weekly
GOOG260410C00312500,2026-04-02 19:59:10,312.5,0.25,0.23,0.27,-0.32999998,-56.89655,768.0,331,0.2524488818359375,False,REGULAR,USD,call,GOOG,2026-04-10,2026-04-03,0.25,7,0.019178082191780823,294.4599914550781,1.061264718700075,0.04000000000000001,0.16000000000000003,1,0.05946132775815035,weekly
GOOG260410C00315000,2026-04-02 19:59:51,315.0,0.18,0.15,0.17,-0.22,-55.0,1422.0,1304,0.25489026367187506,False,REGULAR,USD,call,GOOG,2026-04-10,2026-04-03,0.16,7,0.019178082191780823,294.4599914550781,1.0697548364496756,0.020000000000000018,0.1250000000000001,1,0.06742949740732725,weekly
GOOG260410C00317500,2026-04-02 19:59:42,317.5,0.12,0.1,0.12,-0.15,-55.555557,494.0,476,0.26270268554687504,False,REGULAR,USD,call,GOOG,2026-04-10,2026-04-03,0.11,7,0.019178082191780823,294.4599914550781,1.0782449541992762,0.01999999999999999,0.18181818181818174,1,0.07533467691444054,weekly
GOOG260410C00320000,2026-04-02 19:51:27,320.0,0.08,0.07,0.09,-0.11,-57.894737,1062.0,1468,0.27295648925781246,False,REGULAR,USD,call,GOOG,2026-04-10,2026-04-03,0.08,7,0.019178082191780823,294.4599914550781,1.0867350719488769,0.01999999999999999,0.24999999999999986,1,0.08317785437546646,weekly
GOOG260410P00255000,2026-04-02 18:58:20,255.0,0.07,0.06,0.09,-0.07,-50.0,361.0,486,0.44336494140625,False,REGULAR,USD,put,GOOG,2026-04-10,2026-04-03,0.075,7,0.019178082191780823,294.4599914550781,0.8659920104592612,0.03,0.4,1,-0.14387959625987967,weekly
GOOG260410P00260000,2026-04-02 19:51:42,260.0,0.11,0.11,0.13,-0.120000005,-52.173912,262.0,891,0.41309180664062495,False,REGULAR,USD,put,GOOG,2026-04-10,2026-04-03,0.12,7,0.019178082191780823,294.4599914550781,0.8829722459584625,0.020000000000000004,0.1666666666666667,1,-0.12446151040277803,weekly
GOOG260410P00265000,2026-04-02 19:50:13,265.0,0.21,0.19,0.22,-0.14,-40.0,531.0,823,0.39160764648437496,False,REGULAR,USD,put,GOOG,2026-04-10,2026-04-03,0.20500000000000002,7,0.019178082191780823,294.4599914550781,0.8999524814576637,0.03,0.14634146341463414,1,-0.1054133154320835,weekly
GOOG260410P00267500,2026-04-02 19:47:13,267.5,0.29,0.18,0.3,-0.17000002,-36.956524,54.0,251,0.3842835009765625,False,REGULAR,USD,put,GOOG,2026-04-10,2026-04-03,0.24,7,0.019178082191780823,294.4599914550781,0.9084425992072642,0.12,0.5,1,-0.09602357508224457,weekly
GOOG260410P00270000,2026-04-02 19:59:26,270.0,0.35,0.35,0.37,-0.21000001,-37.5,1246.0,925,0.36914693359375,False,REGULAR,USD,put,GOOG,2026-04-10,2026-04-03,0.36,7,0.019178082191780823,294.4599914550781,0.9169327169568648,0.020000000000000018,0.05555555555555561,1,-0.08672118241993103,weekly
GOOG260410P00272500,2026-04-02 19:59:25,272.5,0.47,0.45,0.49,-0.29999998,-38.961037,273.0,516,0.35986968261718744,False,REGULAR,USD,put,GOOG,2026-04-10,2026-04-03,0.47,7,0.019178082191780823,294.4599914550781,0.9254228347064655,0.03999999999999998,0.08510638297872336,1,-0.077504527315007,weekly
GOOG260410P00275000,2026-04-02 19:59:14,275.0,0.61,0.6,0.66,-0.31,-33.695652,545.0,1442,0.3523013989257812,False,REGULAR,USD,put,GOOG,2026-04-10,2026-04-03,0.63,7,0.019178082191780823,294.4599914550781,0.9339129524560661,0.06000000000000005,0.09523809523809532,1,-0.06837204375173445,weekly
GOOG260410P00277500,2026-04-02 19:59:14,277.5,0.83,0.78,0.88,-0.27000004,-24.545458,481.0,313,0.3442448388671875,False,REGULAR,USD,put,GOOG,2026-04-10,2026-04-03,0.8300000000000001,7,0.019178082191780823,294.4599914550781,0.9424030702056667,0.09999999999999998,0.12048192771084333,1,-0.05932220823181651,weekly
GOOG260410P00280000,2026-04-02 19:57:53,280.0,1.13,1.0,1.13,-0.35000002,-23.64865,1509.0,1459,0.3327703442382813,False,REGULAR,USD,put,GOOG,2026-04-10,2026-04-03,1.065,7,0.019178082191780823,294.4599914550781,0.9508931879552672,0.1299999999999999,0.12206572769953042,1,-0.0503535382490562,weekly
GOOG260410P00282500,2026-04-02 19:59:50,282.5,1.38,1.17,1.57,-0.49,-26.203209,255.0,446,0.3314275842285156,False,REGULAR,USD,put,GOOG,2026-04-10,2026-04-03,1.37,7,0.019178082191780823,294.4599914550781,0.9593833057048679,0.40000000000000013,0.2919708029197081,1,-0.04146459083181015,weekly
GOOG260410P00285000,2026-04-02 19:59:52,285.0,1.8,1.61,1.85,-0.55999994,-23.728811,853.0,887,0.3090889404296875,False,REGULAR,USD,put,GOOG,2026-04-10,2026-04-03,1.73,7,0.019178082191780823,294.4599914550781,0.9678734234544685,0.24,0.13872832369942195,1,-0.032653961149655235,weekly
GOOG260410P00287500,2026-04-02 19:59:33,287.5,2.4,2.3,2.47,-0.4699998,-16.3763,765.0,381,0.3043282458496094,False,REGULAR,USD,put,GOOG,2026-04-10,2026-04-03,2.385,7,0.019178082191780823,294.4599914550781,0.9763635412040691,0.17000000000000037,0.07127882599580729,1,-0.02392028118090061,weekly
GOOG260410P00290000,2026-04-02 19:59:07,290.0,3.06,3.0,3.15,-0.61000013,-16.621258,1156.0,1578,0.29383030395507803,False,REGULAR,USD,put,GOOG,2026-04-10,2026-04-03,3.075,7,0.019178082191780823,294.4599914550781,0.9848536589536697,0.1499999999999999,0.048780487804878016,1,-0.015262218437786003,weekly
GOOG260410P00292500,2026-04-02 19:59:50,292.5,3.84,3.8,4.0,-0.6600001,-14.666669,2512.0,791,0.2838206384277343,False,REGULAR,USD,put,GOOG,2026-04-10,2026-04-03,3.9,7,0.019178082191780823,294.4599914550781,0.9933437767032702,0.20000000000000018,0.05128205128205133,1,-0.006678474746394621,weekly
GOOG260410P00295000,2026-04-02 19:59:36,295.0,4.93,4.85,5.05,-0.62000036,-11.171177,593.0,873,0.2742992492675781,True,REGULAR,USD,put,GOOG,2026-04-10,2026-04-03,4.949999999999999,7,0.019178082191780823,294.4599914550781,1.0018338944528709,0.20000000000000018,0.04040404040404045,1,0.0018322149215140434,weekly
GOOG260410P00297500,2026-04-02 19:54:11,297.5,6.35,6.0,6.5,-0.5100002,-7.4344053,83.0,180,0.27625235473632803,True,REGULAR,USD,put,GOOG,2026-04-10,2026-04-03,6.25,7,0.019178082191780823,294.4599914550781,1.0103240122024715,0.5,0.08,1,0.010271083567378691,weekly
GOOG260410P00300000,2026-04-02 19:55:06,300.0,7.95,7.25,8.0,-0.32999992,-3.9855063,700.0,1801,0.2690502783203125,True,REGULAR,USD,put,GOOG,2026-04-10,2026-04-03,7.625,7,0.019178082191780823,294.4599914550781,1.018814129952072,0.75,0.09836065573770492,1,0.018639333237895322,weekly
GOOG260410P00302500,2026-04-02 19:56:51,302.5,9.58,8.95,10.05,0.5799999,6.4444437,46.0,76,0.28613995117187496,True,REGULAR,USD,put,GOOG,2026-04-10,2026-04-03,9.5,7,0.019178082191780823,294.4599914550781,1.0273042477016727,1.1000000000000014,0.11578947368421068,1,0.026938136052590437,weekly
GOOG260410P00305000,2026-04-02 19:59:39,305.0,11.48,11.0,12.2,-0.12000084,-1.0344899,5.0,177,0.30286341674804684,True,REGULAR,USD,put,GOOG,2026-04-10,2026-04-03,11.6,7,0.019178082191780823,294.4599914550781,1.0357943654512733,1.1999999999999993,0.10344827586206891,1,0.03516863518910593,weekly
GOOG260410P00307500,2026-04-01 19:13:02,307.5,13.95,13.25,14.7,0.5999994,4.4943776,1.0,36,0.34229173339843744,True,REGULAR,USD,put,GOOG,2026-04-10,2026-04-03,13.975,7,0.019178082191780823,294.4599914550781,1.044284483200874,1.4499999999999993,0.10375670840787116,2,0.04333194582826689,weekly
GOOG260410P00310000,2026-04-02 18:55:12,310.0,16.55,14.95,18.3,0.34999847,2.1604843,5.0,141,0.4664359997558594,True,REGULAR,USD,put,GOOG,2026-04-10,2026-04-03,16.625,7,0.019178082191780823,294.4599914550781,1.0527746009504746,3.3500000000000014,0.20150375939849632,1,0.05142915606088628,weekly
GOOG260501C00255000,2026-04-01 17:54:07,255.0,44.65,40.55,43.5,0.0,0.0,10.0,11,0.5496871203613283,True,REGULAR,USD,call,GOOG,2026-05-01,2026-04-03,42.025,28,0.07671232876712329,294.4599914550781,0.8659920104592612,2.950000000000003,0.07019631171921482,2,-0.14387959625987967,short
GOOG260501C00260000,2026-04-01 19:39:12,260.0,38.0,35.5,39.05,0.0,0.0,1.0,24,0.5258836474609375,True,REGULAR,USD,call,GOOG,2026-05-01,2026-04-03,37.275,28,0.07671232876712329,294.4599914550781,0.8829722459584625,3.549999999999997,0.09523809523809516,2,-0.12446151040277803,short
GOOG260501C00265000,2026-04-02 14:26:35,265.0,32.0,32.65,34.6,13.65,74.38692,1.0,27,0.49847913635253904,True,REGULAR,USD,call,GOOG,2026-05-01,2026-04-03,33.625,28,0.07671232876712329,294.4599914550781,0.8999524814576637,1.9500000000000028,0.05799256505576217,1,-0.1054133154320835,short
GOOG260501C00270000,2026-04-01 14:06:20,270.0,27.9,27.4,30.15,0.0,0.0,1.0,42,0.46747358703613284,True,REGULAR,USD,call,GOOG,2026-05-01,2026-04-03,28.775,28,0.07671232876712329,294.4599914550781,0.9169327169568648,2.75,0.0955690703735882,2,-0.08672118241993103,short
GOOG260501C00275000,2026-04-02 13:44:25,275.0,21.35,23.95,26.25,-4.6499996,-17.884613,1.0,161,0.4529473651123047,True,REGULAR,USD,call,GOOG,2026-05-01,2026-04-03,25.1,28,0.07671232876712329,294.4599914550781,0.9339129524560661,2.3000000000000007,0.0916334661354582,1,-0.06837204375173445,short
GOOG260501C00280000,2026-04-02 14:33:42,280.0,21.0,20.3,22.35,-1.8999996,-8.296942,34.0,145,0.43201251586914063,True,REGULAR,USD,call,GOOG,2026-05-01,2026-04-03,21.325000000000003,28,0.07671232876712329,294.4599914550781,0.9508931879552672,2.0500000000000007,0.09613130128956626,1,-0.0503535382490562,short
GOOG260501C00285000,2026-04-02 19:58:48,285.0,18.05,16.9,18.35,-0.9900017,-5.1995883,24.0,146,0.40167834655761714,True,REGULAR,USD,call,GOOG,2026-05-01,2026-04-03,17.625,28,0.07671232876712329,294.4599914550781,0.9678734234544685,1.4500000000000028,0.08226950354609945,1,-0.032653961149655235,short
GOOG260501C00290000,2026-04-02 19:21:53,290.0,14.91,14.25,15.6,-0.84000015,-5.333334,98.0,205,0.40344834838867194,True,REGULAR,USD,call,GOOG,2026-05-01,2026-04-03,14.925,28,0.07671232876712329,294.4599914550781,0.9848536589536697,1.3499999999999996,0.09045226130653264,1,-0.015262218437786003,short
GOOG260501C00295000,2026-04-02 19:48:04,295.0,11.9,11.8,12.3,-1.25,-9.505704,112.0,2824,0.37933970275878903,False,REGULAR,USD,call,GOOG,2026-05-01,2026-04-03,12.05,28,0.07671232876712329,294.4599914550781,1.0018338944528709,0.5,0.04149377593360996,1,0.0018322149215140434,short
GOOG260501C00300000,2026-04-02 19:59:47,300.0,9.6,9.4,9.9,-0.7699995,-7.4252605,148.0,1116,0.3733583172607422,False,REGULAR,USD,call,GOOG,2026-05-01,2026-04-03,9.65,28,0.07671232876712329,294.4599914550781,1.018814129952072,0.5,0.05181347150259067,1,0.018639333237895322,short
GOOG260501C00305000,2026-04-02 19:47:39,305.0,7.15,7.25,7.6,-0.9999995,-12.269934,137.0,370,0.3606631317138671,False,REGULAR,USD,call,GOOG,2026-05-01,2026-04-03,7.425,28,0.07671232876712329,294.4599914550781,1.0357943654512733,0.34999999999999964,0.04713804713804709,1,0.03516863518910593,short
GOOG260501C00310000,2026-04-02 19:57:49,310.0,5.55,5.5,5.75,-0.75,-11.904761,80.0,6781,0.35169105346679685,False,REGULAR,USD,call,GOOG,2026-05-01,2026-04-03,5.625,28,0.07671232876712329,294.4599914550781,1.0527746009504746,0.25,0.044444444444444446,1,0.05142915606088628,short
GOOG260501C00315000,2026-04-02 19:57:49,315.0,4.11,4.0,4.25,-0.6799998,-14.196239,61.0,708,0.34400070068359373,False,REGULAR,USD,call,GOOG,2026-05-01,2026-04-03,4.125,28,0.07671232876712329,294.4599914550781,1.0697548364496756,0.25,0.06060606060606061,1,0.06742949740732725,short
GOOG260501C00320000,2026-04-02 19:52:42,320.0,3.05,2.91,3.1,-0.4000001,-11.594205,165.0,10506,0.3386906951904296,False,REGULAR,USD,call,GOOG,2026-05-01,2026-04-03,3.005,28,0.07671232876712329,294.4599914550781,1.0867350719488769,0.18999999999999995,0.06322795341098168,1,0.08317785437546646,short
GOOG260501C00325000,2026-04-02 19:41:17,325.0,2.11,2.04,2.24,-0.44000006,-17.254904,153.0,6690,0.3354558642578125,False,REGULAR,USD,call,GOOG,2026-05-01,2026-04-03,2.14,28,0.07671232876712329,294.4599914550781,1.103715307448078,0.20000000000000018,0.09345794392523372,1,0.09868204091143175,short
GOOG260501C00330000,2026-04-02 17:29:23,330.0,1.7,1.38,1.61,-0.24000001,-12.371134,96.0,621,0.33399103515625,False,REGULAR,USD,call,GOOG,2026-05-01,2026-04-03,1.495,28,0.07671232876712329,294.4599914550781,1.1206955429472794,0.2300000000000002,0.15384615384615397,1,0.11394951304222022,short
GOOG260501C00335000,2026-04-02 19:56:52,335.0,1.06,0.98,1.12,-0.3800001,-26.388895,3.0,359,0.33130551513671874,False,REGULAR,USD,call,GOOG,2026-05-01,2026-04-03,1.05,28,0.07671232876712329,294.4599914550781,1.1376757784464806,0.14000000000000012,0.13333333333333344,1,0.12898739040676077,short
GOOG260501P00255000,2026-04-02 16:54:34,255.0,2.21,1.92,2.14,0.11000013,5.238102,6.0,294,0.44470770141601557,False,REGULAR,USD,put,GOOG,2026-05-01,2026-04-03,2.0300000000000002,28,0.07671232876712329,294.4599914550781,0.8659920104592612,0.2200000000000002,0.10837438423645329,1,-0.14387959625987967,short
GOOG260501P00260000,2026-04-02 19:27:38,260.0,2.7,2.45,2.64,-0.03999996,-1.4598526,45.0,319,0.4294490649414063,False,REGULAR,USD,put,GOOG,2026-05-01,2026-04-03,2.545,28,0.07671232876712329,294.4599914550781,0.8829722459584625,0.18999999999999995,0.07465618860510803,1,-0.12446151040277803,short
GOOG260501P00265000,2026-04-02 19:14:12,265.0,3.4,3.05,3.25,0.0,0.0,26.0,221,0.41394629028320307,False,REGULAR,USD,put,GOOG,2026-05-01,2026-04-03,3.15,28,0.07671232876712329,294.4599914550781,0.8999524814576637,0.20000000000000018,0.06349206349206354,1,-0.1054133154320835,short
GOOG260501P00270000,2026-04-02 19:13:54,270.0,4.08,3.75,4.15,-0.13000011,-3.0878887,226.0,810,0.4050962811279296,False,REGULAR,USD,put,GOOG,2026-05-01,2026-04-03,3.95,28,0.07671232876712329,294.4599914550781,0.9169327169568648,0.40000000000000036,0.10126582278481021,1,-0.08672118241993103,short
GOOG260501P00275000,2026-04-02 19:59:00,275.0,5.08,4.8,5.1,-0.07000017,-1.3592267,315.0,370,0.39050902465820314,False,REGULAR,USD,put,GOOG,2026-05-01,2026-04-03,4.949999999999999,28,0.07671232876712329,294.4599914550781,0.9339129524560661,0.2999999999999998,0.06060606060606058,1,-0.06837204375173445,short
GOOG260501P00280000,2026-04-02 18:25:25,280.0,6.48,5.95,6.45,-0.119999886,-1.8181801,127.0,396,0.3828797064208984,False,REGULAR,USD,put,GOOG,2026-05-01,2026-04-03,6.2,28,0.07671232876712329,294.4599914550781,0.9508931879552672,0.5,0.08064516129032258,1,-0.0503535382490562,short
GOOG260501P00285000,2026-04-02 19:42:14,285.0,8.2,7.7,7.95,0.14999962,1.8633492,1177.0,252,0.3714662463378906,False,REGULAR,USD,put,GOOG,2026-05-01,2026-04-03,7.825,28,0.07671232876712329,294.4599914550781,0.9678734234544685,0.25,0.03194888178913738,1,-0.032653961149655235,short
GOOG260501P00290000,2026-04-02 18:32:57,290.0,9.8,9.6,9.8,0.0,0.0,111.0,321,0.36225002990722655,False,REGULAR,USD,put,GOOG,2026-05-01,2026-04-03,9.7,28,0.07671232876712329,294.4599914550781,0.9848536589536697,0.20000000000000107,0.02061855670103104,1,-0.015262218437786003,short
GOOG260501P00295000,2026-04-02 19:48:48,295.0,12.13,10.95,12.2,0.27000046,2.276564,21.0,209,0.3601138208007812,True,REGULAR,USD,put,GOOG,2026-05-01,2026-04-03,11.575,28,0.07671232876712329,294.4599914550781,1.0018338944528709,1.25,0.10799136069114472,1,0.0018322149215140434,short
GOOG260501P00300000,2026-04-02 13:30:10,300.0,16.6,13.75,16.0,2.6000004,18.571432,2.0,160,0.39050902465820314,True,REGULAR,USD,put,GOOG,2026-05-01,2026-04-03,14.875,28,0.07671232876712329,294.4599914550781,1.018814129952072,2.25,0.15126050420168066,1,0.018639333237895322,short
GOOG260501P00305000,2026-04-01 19:59:18,305.0,17.08,16.9,17.8,0.0,0.0,52.0,78,0.34998208618164056,True,REGULAR,USD,put,GOOG,2026-05-01,2026-04-03,17.35,28,0.07671232876712329,294.4599914550781,1.0357943654512733,0.9000000000000021,0.05187319884726237,2,0.03516863518910593,short
GOOG260501P00310000,2026-04-02 15:38:01,310.0,21.0,19.75,21.2,1.0499992,5.263154,1.0,105,0.3487613952636719,True,REGULAR,USD,put,GOOG,2026-05-01,2026-04-03,20.475,28,0.07671232876712329,294.4599914550781,1.0527746009504746,1.4499999999999993,0.07081807081807077,1,0.05142915606088628,short
GOOG260501P00315000,2026-04-02 19:53:44,315.0,24.6,22.7,26.35,-0.45999908,-1.835591,1.0,29,0.4002135174560547,True,REGULAR,USD,put,GOOG,2026-05-01,2026-04-03,24.525,28,0.07671232876712329,294.4599914550781,1.0697548364496756,3.650000000000002,0.14882772680937828,1,0.06742949740732725,short
GOOG260501P00320000,2026-04-01 13:58:15,320.0,28.69,26.35,30.35,0.0,0.0,6.0,180,0.40680524841308596,True,REGULAR,USD,put,GOOG,2026-05-01,2026-04-03,28.35,28,0.07671232876712329,294.4599914550781,1.0867350719488769,4.0,0.14109347442680775,2,0.08317785437546646,short
GOOG260501P00325000,2026-04-01 16:29:16,325.0,31.0,30.95,34.0,0.0,0.0,25.0,432,0.39148557739257805,True,REGULAR,USD,put,GOOG,2026-05-01,2026-04-03,32.475,28,0.07671232876712329,294.4599914550781,1.103715307448078,3.0500000000000007,0.09391839876828331,2,0.09868204091143175,short
GOOG260501P00330000,2026-04-02 13:30:00,330.0,41.5,35.65,38.4,6.0,16.901407,3.0,6,0.39978627563476565,True,REGULAR,USD,put,GOOG,2026-05-01,2026-04-03,37.025,28,0.07671232876712329,294.4599914550781,1.1206955429472794,2.75,0.07427413909520594,1,0.11394951304222022,short
GOOG260501P00335000,2026-03-31 13:41:42,335.0,56.75,39.65,43.5,0.0,0.0,1.0,1,0.4381159704589844,True,REGULAR,USD,put,GOOG,2026-05-01,2026-04-03,41.575,28,0.07671232876712329,294.4599914550781,1.1376757784464806,3.8500000000000014,0.09260372820204453,3,0.12898739040676077,short
GOOG260618C00255000,2026-04-02 16:07:08,255.0,46.15,45.3,48.55,-1.75,-3.6534448,10.0,2678,0.4743094561767578,True,REGULAR,USD,call,GOOG,2026-06-18,2026-04-03,46.925,76,0.20821917808219179,294.4599914550781,0.8659920104592612,3.25,0.06925945657964838,1,-0.14387959625987967,medium
GOOG260618C00260000,2026-04-02 19:18:56,260.0,42.6,42.85,44.05,-0.12000275,-0.2809053,1.0,1797,0.45001770690917964,True,REGULAR,USD,call,GOOG,2026-06-18,2026-04-03,43.45,76,0.20821917808219179,294.4599914550781,0.8829722459584625,1.1999999999999957,0.02761795166858448,1,-0.12446151040277803,medium
GOOG260618C00265000,2026-04-01 18:18:06,265.0,39.85,39.0,40.0,0.0,0.0,7.0,573,0.4348201049804688,True,REGULAR,USD,call,GOOG,2026-06-18,2026-04-03,39.5,76,0.20821917808219179,294.4599914550781,0.8999524814576637,1.0,0.02531645569620253,2,-0.1054133154320835,medium
GOOG260618C00270000,2026-04-01 18:18:01,270.0,36.1,34.75,35.7,0.0,0.0,33.0,1048,0.4120847366333008,True,REGULAR,USD,call,GOOG,2026-06-18,2026-04-03,35.225,76,0.20821917808219179,294.4599914550781,0.9169327169568648,0.9500000000000028,0.026969481902058275,2,-0.08672118241993103,medium
GOOG260618C00275000,2026-04-02 13:43:19,275.0,31.3,29.95,32.9,-1.3500023,-4.1347694,5.0,681,0.4186154330444336,True,REGULAR,USD,call,GOOG,2026-06-18,2026-04-03,31.424999999999997,76,0.20821917808219179,294.4599914550781,0.9339129524560661,2.9499999999999993,0.09387430389817024,1,-0.06837204375173445,medium
GOOG260618C00280000,2026-04-02 18:47:38,280.0,28.1,26.95,29.55,-1.5,-5.0675673,20.0,3997,0.41013163116455076,True,REGULAR,USD,call,GOOG,2026-06-18,2026-04-03,28.25,76,0.20821917808219179,294.4599914550781,0.9508931879552672,2.6000000000000014,0.09203539823008855,1,-0.0503535382490562,medium
GOOG260618C00285000,2026-04-02 18:29:14,285.0,24.95,25.0,26.4,-0.8499985,-3.2945678,5.0,938,0.4024717956542969,True,REGULAR,USD,call,GOOG,2026-06-18,2026-04-03,25.7,76,0.20821917808219179,294.4599914550781,0.9678734234544685,1.3999999999999986,0.05447470817120617,1,-0.032653961149655235,medium
GOOG260618C00290000,2026-04-02 19:57:42,290.0,22.3,22.15,22.45,-1.0500011,-4.496793,248.0,1598,0.3765626309204102,True,REGULAR,USD,call,GOOG,2026-06-18,2026-04-03,22.299999999999997,76,0.20821917808219179,294.4599914550781,0.9848536589536697,0.3000000000000007,0.013452914798206312,1,-0.015262218437786003,medium
GOOG260618C00295000,2026-04-02 19:39:10,295.0,19.12,19.35,19.7,-0.8299999,-4.1604004,254.0,1230,0.3701540036010742,False,REGULAR,USD,call,GOOG,2026-06-18,2026-04-03,19.525,76,0.20821917808219179,294.4599914550781,1.0018338944528709,0.34999999999999787,0.017925736235595284,1,0.0018322149215140434,medium
GOOG260618C00300000,2026-04-02 19:21:52,300.0,17.0,16.85,17.15,-0.77000046,-4.333148,749.0,6233,0.3638674453735352,False,REGULAR,USD,call,GOOG,2026-06-18,2026-04-03,17.0,76,0.20821917808219179,294.4599914550781,1.018814129952072,0.29999999999999716,0.017647058823529245,1,0.018639333237895322,medium
GOOG260618C00305000,2026-04-02 19:17:40,305.0,14.56,14.5,15.1,-0.55999947,-3.7037003,46.0,2759,0.3632570999145508,False,REGULAR,USD,call,GOOG,2026-06-18,2026-04-03,14.8,76,0.20821917808219179,294.4599914550781,1.0357943654512733,0.5999999999999996,0.040540540540540515,1,0.03516863518910593,medium
GOOG260618C00310000,2026-04-02 18:34:05,310.0,12.3,12.45,12.85,-0.84000015,-6.392695,185.0,2147,0.35526157440185535,False,REGULAR,USD,call,GOOG,2026-06-18,2026-04-03,12.649999999999999,76,0.20821917808219179,294.4599914550781,1.0527746009504746,0.40000000000000036,0.03162055335968383,1,0.05142915606088628,medium
GOOG260618C00315000,2026-04-02 19:52:39,315.0,10.69,10.6,10.9,-0.4100008,-3.693701,65.0,4342,0.34918863708496095,False,REGULAR,USD,call,GOOG,2026-06-18,2026-04-03,10.75,76,0.20821917808219179,294.4599914550781,1.0697548364496756,0.3000000000000007,0.027906976744186112,1,0.06742949740732725,medium
GOOG260618C00320000,2026-04-02 19:52:38,320.0,9.15,8.95,9.6,-0.25,-2.6595745,109.0,12537,0.3523624334716796,False,REGULAR,USD,call,GOOG,2026-06-18,2026-04-03,9.274999999999999,76,0.20821917808219179,294.4599914550781,1.0867350719488769,0.6500000000000004,0.07008086253369278,1,0.08317785437546646,medium
GOOG260618C00325000,2026-04-02 17:51:57,325.0,7.5,7.5,8.0,-0.64000034,-7.8624115,51.0,3033,0.3459538061523437,False,REGULAR,USD,call,GOOG,2026-06-18,2026-04-03,7.75,76,0.20821917808219179,294.4599914550781,1.103715307448078,0.5,0.06451612903225806,1,0.09868204091143175,medium
GOOG260618C00330000,2026-04-02 19:47:50,330.0,6.23,6.2,6.75,-0.42000008,-6.3157907,262.0,6613,0.34339035522460937,False,REGULAR,USD,call,GOOG,2026-06-18,2026-04-03,6.475,76,0.20821917808219179,294.4599914550781,1.1206955429472794,0.5499999999999998,0.08494208494208492,1,0.11394951304222022,medium
GOOG260618C00335000,2026-04-02 16:38:37,335.0,5.35,5.2,5.45,-0.3000002,-5.3097377,161.0,3052,0.33576103698730464,False,REGULAR,USD,call,GOOG,2026-06-18,2026-04-03,5.325,76,0.20821917808219179,294.4599914550781,1.1376757784464806,0.25,0.046948356807511735,1,0.12898739040676077,medium
GOOG260618P00255000,2026-04-02 19:11:01,255.0,5.9,5.65,5.85,0.32000017,5.73477,62.0,4872,0.3899597137451172,False,REGULAR,USD,put,GOOG,2026-06-18,2026-04-03,5.75,76,0.20821917808219179,294.4599914550781,0.8659920104592612,0.1999999999999993,0.03478260869565205,1,-0.14387959625987967,medium
GOOG260618P00260000,2026-04-02 19:47:50,260.0,6.84,6.6,7.0,-0.009999752,-0.14598179,136.0,9676,0.3867859173583984,False,REGULAR,USD,put,GOOG,2026-06-18,2026-04-03,6.8,76,0.20821917808219179,294.4599914550781,0.8829722459584625,0.40000000000000036,0.05882352941176476,1,-0.12446151040277803,medium
GOOG260618P00265000,2026-04-02 16:09:12,265.0,7.91,7.65,8.0,-0.03999996,-0.5031442,105.0,2940,0.37641004455566407,False,REGULAR,USD,put,GOOG,2026-06-18,2026-04-03,7.825,76,0.20821917808219179,294.4599914550781,0.8999524814576637,0.34999999999999964,0.04472843450479229,1,-0.1054133154320835,medium
GOOG260618P00270000,2026-04-02 18:30:09,270.0,9.3,8.75,9.25,0.10000038,1.0869608,82.0,4557,0.368719691772461,False,REGULAR,USD,put,GOOG,2026-06-18,2026-04-03,9.0,76,0.20821917808219179,294.4599914550781,0.9169327169568648,0.5,0.05555555555555555,1,-0.08672118241993103,medium
GOOG260618P00275000,2026-04-02 18:30:34,275.0,10.75,10.1,10.65,0.32999992,3.166986,40.0,4599,0.36093778717041014,False,REGULAR,USD,put,GOOG,2026-06-18,2026-04-03,10.375,76,0.20821917808219179,294.4599914550781,0.9339129524560661,0.5500000000000007,0.05301204819277115,1,-0.06837204375173445,medium
GOOG260618P00280000,2026-04-02 19:49:19,280.0,12.22,11.7,12.25,0.32999992,2.7754407,64.0,4938,0.3537662280273437,False,REGULAR,USD,put,GOOG,2026-06-18,2026-04-03,11.975,76,0.20821917808219179,294.4599914550781,0.9508931879552672,0.5500000000000007,0.04592901878914411,1,-0.0503535382490562,medium
GOOG260618P00285000,2026-04-02 19:49:19,285.0,14.12,13.6,14.05,0.47000027,3.4432254,59.0,2396,0.3469303588867187,False,REGULAR,USD,put,GOOG,2026-06-18,2026-04-03,13.825,76,0.20821917808219179,294.4599914550781,0.9678734234544685,0.45000000000000107,0.032549728752260476,1,-0.032653961149655235,medium
GOOG260618P00290000,2026-04-02 19:31:32,290.0,16.1,15.45,16.05,0.4100008,2.6131344,97.0,4792,0.34015552429199214,False,REGULAR,USD,put,GOOG,2026-06-18,2026-04-03,15.75,76,0.20821917808219179,294.4599914550781,0.9848536589536697,0.6000000000000014,0.03809523809523819,1,-0.015262218437786003,medium
GOOG260618P00295000,2026-04-02 18:20:08,295.0,18.35,17.75,18.5,0.55000114,3.089894,9.0,1658,0.33792776336669916,True,REGULAR,USD,put,GOOG,2026-06-18,2026-04-03,18.125,76,0.20821917808219179,294.4599914550781,1.0018338944528709,0.75,0.041379310344827586,1,0.0018322149215140434,medium
GOOG260618P00300000,2026-04-02 18:41:24,300.0,20.85,20.2,20.85,0.14999962,0.72463584,29.0,2180,0.3298712033081054,True,REGULAR,USD,put,GOOG,2026-06-18,2026-04-03,20.525,76,0.20821917808219179,294.4599914550781,1.018814129952072,0.6500000000000021,0.03166869671132776,1,0.018639333237895322,medium
GOOG260618P00305000,2026-04-02 13:33:50,305.0,25.6,22.55,23.45,3.8700008,17.809484,21.0,1017,0.32236395416259755,True,REGULAR,USD,put,GOOG,2026-06-18,2026-04-03,23.0,76,0.20821917808219179,294.4599914550781,1.0357943654512733,0.8999999999999986,0.039130434782608636,1,0.03516863518910593,medium
GOOG260618P00310000,2026-04-02 16:04:01,310.0,27.15,25.7,27.05,2.8500004,11.728397,36.0,3691,0.3297796514892578,True,REGULAR,USD,put,GOOG,2026-06-18,2026-04-03,26.375,76,0.20821917808219179,294.4599914550781,1.0527746009504746,1.3500000000000014,0.051184834123222805,1,0.05142915606088628,medium
GOOG260618P00315000,2026-04-01 13:44:52,315.0,29.16,28.6,29.8,-0.69000053,-2.3115597,2.0,911,0.3168098104858398,True,REGULAR,USD,put,GOOG,2026-06-18,2026-04-03,29.200000000000003,76,0.20821917808219179,294.4599914550781,1.0697548364496756,1.1999999999999993,0.041095890410958874,2,0.06742949740732725,medium
GOOG260618P00320000,2026-04-01 13:59:29,320.0,32.71,32.1,33.75,0.0,0.0,9.0,4400,0.32388981781005854,True,REGULAR,USD,put,GOOG,2026-06-18,2026-04-03,32.925,76,0.20821917808219179,294.4599914550781,1.0867350719488769,1.6499999999999986,0.050113895216400875,2,0.08317785437546646,medium
GOOG260618P00325000,2026-04-01 14:13:28,325.0,36.55,35.7,36.55,0.0,0.0,9.0,2075,0.30225307128906254,True,REGULAR,USD,put,GOOG,2026-06-18,2026-04-03,36.125,76,0.20821917808219179,294.4599914550781,1.103715307448078,0.8499999999999943,0.023529411764705726,2,0.09868204091143175,medium
GOOG260618P00330000,2026-04-01 16:48:09,330.0,42.65,39.1,40.75,4.8600006,12.860547,10.0,1317,0.3073799731445312,True,REGULAR,USD,put,GOOG,2026-06-18,2026-04-03,39.925,76,0.20821917808219179,294.4599914550781,1.1206955429472794,1.6499999999999986,0.04132748904195363,2,0.11394951304222022,medium
GOOG260618P00335000,2026-04-01 14:00:42,335.0,44.23,43.65,44.85,0.0,0.0,2.0,663,0.3068306622314453,True,REGULAR,USD,put,GOOG,2026-06-18,2026-04-03,44.25,76,0.20821917808219179,294.4599914550781,1.1376757784464806,1.2000000000000028,0.027118644067796675,2,0.12898739040676077,medium
GOOG260918C00255000,2026-04-02 15:00:09,255.0,55.0,54.45,56.45,9.970001,22.140799,2.0,541,0.4453485641479492,True,REGULAR,USD,call,GOOG,2026-09-18,2026-04-03,55.45,168,0.4602739726027397,294.4599914550781,0.8659920104592612,2.0,0.03606853020739405,1,-0.14387959625987967,long
GOOG260918C00260000,2026-04-01 19:09:49,260.0,52.61,51.35,52.75,0.0,0.0,2.0,458,0.4361628649902344,True,REGULAR,USD,call,GOOG,2026-09-18,2026-04-03,52.05,168,0.4602739726027397,294.4599914550781,0.8829722459584625,1.3999999999999986,0.026897214217098918,2,-0.12446151040277803,long
GOOG260918C00265000,2026-04-02 15:22:10,265.0,48.2,46.5,49.45,0.20000076,0.41666827,2.0,335,0.43149372222900395,True,REGULAR,USD,call,GOOG,2026-09-18,2026-04-03,47.975,168,0.4602739726027397,294.4599914550781,0.8999524814576637,2.950000000000003,0.06149035956227208,1,-0.1054133154320835,long
GOOG260918C00270000,2026-04-02 17:21:28,270.0,44.95,44.35,46.1,0.4300003,0.9658587,17.0,711,0.4246883703613281,True,REGULAR,USD,call,GOOG,2026-09-18,2026-04-03,45.225,168,0.4602739726027397,294.4599914550781,0.9169327169568648,1.75,0.038695411829740185,1,-0.08672118241993103,long
GOOG260918C00275000,2026-04-02 18:07:53,275.0,41.59,40.0,42.75,0.59000015,1.4390248,8.0,905,0.4165707757568359,True,REGULAR,USD,call,GOOG,2026-09-18,2026-04-03,41.375,168,0.4602739726027397,294.4599914550781,0.9339129524560661,2.75,0.06646525679758308,1,-0.06837204375173445,long
GOOG260918C00280000,2026-04-01 17:08:05,280.0,35.0,37.9,39.5,-5.6500015,-13.899141,5.0,559,0.408483698425293,True,REGULAR,USD,call,GOOG,2026-09-18,2026-04-03,38.7,168,0.4602739726027397,294.4599914550781,0.9508931879552672,1.6000000000000014,0.04134366925064603,2,-0.0503535382490562,long
GOOG260918C00285000,2026-04-02 19:21:31,285.0,35.6,34.15,35.8,0.099998474,0.28168586,10.0,328,0.39322506195068363,True,REGULAR,USD,call,GOOG,2026-09-18,2026-04-03,34.974999999999994,168,0.4602739726027397,294.4599914550781,0.9678734234544685,1.6499999999999986,0.047176554681915624,1,-0.032653961149655235,long
GOOG260918C00290000,2026-04-02 19:50:00,290.0,32.6,32.55,32.95,-0.6000023,-1.8072357,7.0,2573,0.3876404010009765,True,REGULAR,USD,call,GOOG,2026-09-18,2026-04-03,32.75,168,0.4602739726027397,294.4599914550781,0.9848536589536697,0.4000000000000057,0.01221374045801544,1,-0.015262218437786003,long
GOOG260918C00295000,2026-04-02 19:54:10,295.0,30.1,29.9,30.3,-0.69999886,-2.2727237,12.0,472,0.3830933273315429,False,REGULAR,USD,call,GOOG,2026-09-18,2026-04-03,30.1,168,0.4602739726027397,294.4599914550781,1.0018338944528709,0.40000000000000213,0.013289036544850568,1,0.0018322149215140434,long
GOOG260918C00300000,2026-04-02 19:57:28,300.0,27.6,27.4,27.7,-0.29999924,-1.0752661,59.0,1196,0.3776154768371582,False,REGULAR,USD,call,GOOG,2026-09-18,2026-04-03,27.549999999999997,168,0.4602739726027397,294.4599914550781,1.018814129952072,0.3000000000000007,0.010889292196007287,1,0.018639333237895322,long
GOOG260918C00305000,2026-04-02 19:34:35,305.0,24.8,24.65,25.5,-1.1500015,-4.431605,121.0,1514,0.3756013368225098,False,REGULAR,USD,call,GOOG,2026-09-18,2026-04-03,25.075,168,0.4602739726027397,294.4599914550781,1.0357943654512733,0.8500000000000014,0.03389830508474582,1,0.03516863518910593,long
GOOG260918C00310000,2026-04-02 19:27:57,310.0,22.83,22.8,23.1,-0.5699997,-2.4358962,37.0,1181,0.3695283995056152,False,REGULAR,USD,call,GOOG,2026-09-18,2026-04-03,22.950000000000003,168,0.4602739726027397,294.4599914550781,1.0527746009504746,0.3000000000000007,0.013071895424836631,1,0.05142915606088628,long
GOOG260918C00315000,2026-04-02 18:57:05,315.0,20.9,20.55,21.4,-0.80000114,-3.6866412,42.0,577,0.37070331451416016,False,REGULAR,USD,call,GOOG,2026-09-18,2026-04-03,20.975,168,0.4602739726027397,294.4599914550781,1.0697548364496756,0.8499999999999979,0.04052443384982111,1,0.06742949740732725,long
GOOG260918C00320000,2026-04-02 19:26:39,320.0,18.7,18.75,19.15,-0.69999886,-3.6082416,41.0,1661,0.36340968627929693,False,REGULAR,USD,call,GOOG,2026-09-18,2026-04-03,18.95,168,0.4602739726027397,294.4599914550781,1.0867350719488769,0.3999999999999986,0.021108179419524992,1,0.08317785437546646,long
GOOG260918C00325000,2026-04-02 19:05:26,325.0,17.15,17.0,18.05,-0.17000008,-0.9815247,130.0,805,0.3693452958679199,False,REGULAR,USD,call,GOOG,2026-09-18,2026-04-03,17.525,168,0.4602739726027397,294.4599914550781,1.103715307448078,1.0500000000000007,0.05991440798858778,1,0.09868204091143175,long
GOOG260918C00330000,2026-04-02 17:35:47,330.0,15.6,15.2,16.0,-0.54999924,-3.4055681,205.0,2014,0.36151761535644533,False,REGULAR,USD,call,GOOG,2026-09-18,2026-04-03,15.6,168,0.4602739726027397,294.4599914550781,1.1206955429472794,0.8000000000000007,0.05128205128205133,1,0.11394951304222022,long
GOOG260918C00335000,2026-04-02 17:00:28,335.0,13.85,13.8,14.35,-1.3799992,-9.061059,20.0,814,0.35736726623535153,False,REGULAR,USD,call,GOOG,2026-09-18,2026-04-03,14.075,168,0.4602739726027397,294.4599914550781,1.1376757784464806,0.5499999999999989,0.039076376554173994,1,0.12898739040676077,long
GOOG260918P00255000,2026-04-02 19:17:37,255.0,11.95,11.5,12.15,0.25,2.1367521,7.0,1531,0.37030658996582033,False,REGULAR,USD,put,GOOG,2026-09-18,2026-04-03,11.825,168,0.4602739726027397,294.4599914550781,0.8659920104592612,0.6500000000000004,0.054968287526427094,1,-0.14387959625987967,long
GOOG260918P00260000,2026-04-02 18:29:56,260.0,13.2,12.65,13.6,0.3000002,2.325583,61.0,1506,0.3663393444824219,False,REGULAR,USD,put,GOOG,2026-09-18,2026-04-03,13.125,168,0.4602739726027397,294.4599914550781,0.8829722459584625,0.9499999999999993,0.07238095238095232,1,-0.12446151040277803,long
GOOG260918P00265000,2026-04-02 18:40:43,265.0,14.6,14.3,14.8,0.3000002,2.0979035,637.0,1081,0.3570010589599609,False,REGULAR,USD,put,GOOG,2026-09-18,2026-04-03,14.55,168,0.4602739726027397,294.4599914550781,0.8999524814576637,0.5,0.034364261168384876,1,-0.1054133154320835,long
GOOG260918P00270000,2026-04-02 18:55:53,270.0,16.4,15.55,16.75,0.4499998,2.8213155,250.0,1897,0.3568637312316894,False,REGULAR,USD,put,GOOG,2026-09-18,2026-04-03,16.15,168,0.4602739726027397,294.4599914550781,0.9169327169568648,1.1999999999999993,0.07430340557275537,1,-0.08672118241993103,long
GOOG260918P00275000,2026-04-02 19:11:49,275.0,18.0,17.6,18.3,0.39999962,2.272725,450.0,2230,0.3492801889038085,False,REGULAR,USD,put,GOOG,2026-09-18,2026-04-03,17.950000000000003,168,0.4602739726027397,294.4599914550781,0.9339129524560661,0.6999999999999993,0.03899721448467962,1,-0.06837204375173445,long
GOOG260918P00280000,2026-04-02 17:14:03,280.0,19.7,19.45,19.95,0.35000038,1.8087875,3.0,2730,0.34149828430175777,False,REGULAR,USD,put,GOOG,2026-09-18,2026-04-03,19.7,168,0.4602739726027397,294.4599914550781,0.9508931879552672,0.5,0.025380710659898477,1,-0.0503535382490562,long
GOOG260918P00285000,2026-04-02 15:52:51,285.0,21.85,21.25,21.9,0.39999962,1.8648001,8.0,791,0.33600517517089845,False,REGULAR,USD,put,GOOG,2026-09-18,2026-04-03,21.575,168,0.4602739726027397,294.4599914550781,0.9678734234544685,0.6499999999999986,0.03012746234067201,1,-0.032653961149655235,long
GOOG260918P00290000,2026-04-02 18:54:51,290.0,24.15,23.4,23.9,2.0,9.0293455,30.0,1500,0.3294134442138671,False,REGULAR,USD,put,GOOG,2026-09-18,2026-04-03,23.65,168,0.4602739726027397,294.4599914550781,0.9848536589536697,0.5,0.021141649048625793,1,-0.015262218437786003,long
GOOG260918P00295000,2026-04-02 18:56:45,295.0,26.5,25.6,26.7,0.30999947,1.1836559,4.0,592,0.33112241149902344,True,REGULAR,USD,put,GOOG,2026-09-18,2026-04-03,26.15,168,0.4602739726027397,294.4599914550781,1.0018338944528709,1.0999999999999979,0.04206500956022936,1,0.0018322149215140434,long
GOOG260918P00300000,2026-04-02 17:52:01,300.0,28.95,28.15,28.6,0.75,2.6595743,4.0,3555,0.3196936927795409,True,REGULAR,USD,put,GOOG,2026-09-18,2026-04-03,28.375,168,0.4602739726027397,294.4599914550781,1.018814129952072,0.45000000000000284,0.015859030837004507,1,0.018639333237895322,long
GOOG260918P00305000,2026-04-02 19:05:26,305.0,31.55,30.85,31.85,2.2699986,7.752727,21.0,605,0.3233405068969726,True,REGULAR,USD,put,GOOG,2026-09-18,2026-04-03,31.35,168,0.4602739726027397,294.4599914550781,1.0357943654512733,1.0,0.03189792663476874,1,0.03516863518910593,long
GOOG260918P00310000,2026-04-01 18:39:45,310.0,33.75,33.4,34.0,0.0,0.0,32.0,2290,0.31131670135498035,True,REGULAR,USD,put,GOOG,2026-09-18,2026-04-03,33.7,168,0.4602739726027397,294.4599914550781,1.0527746009504746,0.6000000000000014,0.017804154302670665,2,0.05142915606088628,long
GOOG260918P00315000,2026-04-02 19:24:47,315.0,37.25,36.25,36.95,2.4500008,7.0402327,10.0,461,0.3074715249633788,True,REGULAR,USD,put,GOOG,2026-09-18,2026-04-03,36.6,168,0.4602739726027397,294.4599914550781,1.0697548364496756,0.7000000000000028,0.019125683060109366,1,0.06742949740732725,long
GOOG260918P00320000,2026-04-02 18:40:01,320.0,40.48,39.25,41.05,-3.959999,-8.91089,416.0,388,0.3166572241210937,True,REGULAR,USD,put,GOOG,2026-09-18,2026-04-03,40.15,168,0.4602739726027397,294.4599914550781,1.0867350719488769,1.7999999999999972,0.044831880448318734,1,0.08317785437546646,long
GOOG260918P00325000,2026-04-02 19:06:20,325.0,43.25,42.5,43.8,1.0200005,2.4153457,8.0,731,0.30654074813842774,True,REGULAR,USD,put,GOOG,2026-09-18,2026-04-03,43.15,168,0.4602739726027397,294.4599914550781,1.103715307448078,1.2999999999999972,0.03012746234067201,1,0.09868204091143175,long
GOOG260918P00330000,2026-03-31 19:18:20,330.0,51.47,45.8,48.05,0.0,0.0,5.0,24067,0.31476515319824216,True,REGULAR,USD,put,GOOG,2026-09-18,2026-04-03,46.925,168,0.4602739726027397,294.4599914550781,1.1206955429472794,2.25,0.04794885455514119,3,0.11394951304222022,long
GOOG270319C00255000,2026-03-31 14:22:01,255.0,57.65,66.9,68.6,0.0,0.0,1.0,34,0.4338435522460938,True,REGULAR,USD,call,GOOG,2027-03-19,2026-04-03,67.75,350,0.958904109589041,294.4599914550781,0.8659920104592612,1.6999999999999886,0.02509225092250906,3,-0.14387959625987967,one_year
GOOG270319C00260000,2026-04-01 19:39:02,260.0,65.21,63.7,65.95,0.0,0.0,28.0,52,0.4343776045227051,True,REGULAR,USD,call,GOOG,2027-03-19,2026-04-03,64.825,350,0.958904109589041,294.4599914550781,0.8829722459584625,2.25,0.03470883146934053,2,-0.12446151040277803,one_year
GOOG270319C00265000,2026-03-30 18:39:11,265.0,46.78,60.65,62.25,0.0,0.0,1.0,8,0.42389492126464845,True,REGULAR,USD,call,GOOG,2027-03-19,2026-04-03,61.45,350,0.958904109589041,294.4599914550781,0.8999524814576637,1.6000000000000014,0.026037428803905638,4,-0.1054133154320835,one_year
GOOG270319C00270000,2026-04-02 17:56:01,270.0,58.48,57.65,60.45,-1.3899994,-2.321696,1.0,80,0.4309596699523926,True,REGULAR,USD,call,GOOG,2027-03-19,2026-04-03,59.05,350,0.958904109589041,294.4599914550781,0.9169327169568648,2.8000000000000043,0.04741744284504665,1,-0.08672118241993103,one_year
GOOG270319C00275000,2026-04-02 17:59:11,275.0,55.46,54.75,58.0,5.5099983,11.031027,2.0,113,0.4309138940429688,True,REGULAR,USD,call,GOOG,2027-03-19,2026-04-03,56.375,350,0.958904109589041,294.4599914550781,0.9339129524560661,3.25,0.057649667405764965,1,-0.06837204375173445,one_year
GOOG270319C00280000,2026-04-02 19:47:31,280.0,52.85,50.7,54.95,-1.0600014,-1.9662426,4.0,95,0.42456630126953127,True,REGULAR,USD,call,GOOG,2027-03-19,2026-04-03,52.825,350,0.958904109589041,294.4599914550781,0.9508931879552672,4.25,0.08045433033601514,1,-0.0503535382490562,one_year
GOOG270319C00285000,2026-04-01 14:12:35,285.0,49.51,49.6,50.8,0.0,0.0,2.0,71,0.4077055079650879,True,REGULAR,USD,call,GOOG,2027-03-19,2026-04-03,50.2,350,0.958904109589041,294.4599914550781,0.9678734234544685,1.1999999999999957,0.023904382470119435,2,-0.032653961149655235,one_year
GOOG270319C00290000,2026-04-02 19:57:41,290.0,47.78,47.1,48.15,-0.8199997,-1.6872423,9.0,122,0.4038908488464356,True,REGULAR,USD,call,GOOG,2027-03-19,2026-04-03,47.625,350,0.958904109589041,294.4599914550781,0.9848536589536697,1.0499999999999972,0.02204724409448813,1,-0.015262218437786003,one_year
GOOG270319C00295000,2026-04-02 16:55:37,295.0,45.2,44.6,46.6,-1.2000008,-2.5862086,1.0,40,0.4091093025207519,False,REGULAR,USD,call,GOOG,2027-03-19,2026-04-03,45.6,350,0.958904109589041,294.4599914550781,1.0018338944528709,2.0,0.043859649122807015,1,0.0018322149215140434,one_year
GOOG270319C00300000,2026-04-02 19:45:25,300.0,42.58,42.3,43.3,-1.1699982,-2.6742816,21.0,554,0.3981688601684571,False,REGULAR,USD,call,GOOG,2027-03-19,2026-04-03,42.8,350,0.958904109589041,294.4599914550781,1.018814129952072,1.0,0.023364485981308414,1,0.018639333237895322,one_year
GOOG270319C00305000,2026-04-02 18:20:14,305.0,40.52,39.3,42.4,-0.72999954,-1.7696958,9.0,382,0.407583438873291,False,REGULAR,USD,call,GOOG,2027-03-19,2026-04-03,40.849999999999994,350,0.958904109589041,294.4599914550781,1.0357943654512733,3.1000000000000014,0.07588739290085685,1,0.03516863518910593,one_year
GOOG270319C00310000,2026-04-02 19:43:27,310.0,37.99,37.9,39.4,-0.5099983,-1.3246709,3.0,383,0.3979704978942871,False,REGULAR,USD,call,GOOG,2027-03-19,2026-04-03,38.65,350,0.958904109589041,294.4599914550781,1.0527746009504746,1.5,0.0388098318240621,1,0.05142915606088628,one_year
GOOG270319C00315000,2026-04-02 15:02:28,315.0,35.9,35.9,37.4,-1.2999992,-3.4946215,2.0,144,0.39642937561035163,False,REGULAR,USD,call,GOOG,2027-03-19,2026-04-03,36.65,350,0.958904109589041,294.4599914550781,1.0697548364496756,1.5,0.040927694406548434,1,0.06742949740732725,one_year
GOOG270319C00320000,2026-04-02 18:00:13,320.0,33.83,33.85,34.65,-0.4699974,-1.3702549,9.0,285,0.387701435546875,False,REGULAR,USD,call,GOOG,2027-03-19,2026-04-03,34.25,350,0.958904109589041,294.4599914550781,1.0867350719488769,0.7999999999999972,0.02335766423357656,1,0.08317785437546646,one_year
GOOG270319C00325000,2026-04-02 18:50:59,325.0,31.92,31.85,32.7,-0.7800007,-2.385323,6.0,319,0.3852600537109374,False,REGULAR,USD,call,GOOG,2027-03-19,2026-04-03,32.275000000000006,350,0.958904109589041,294.4599914550781,1.103715307448078,0.8500000000000014,0.02633617350890786,1,0.09868204091143175,one_year
GOOG270319C00330000,2026-04-01 19:52:24,330.0,30.65,30.15,31.55,0.0,0.0,10.0,294,0.3891510060119629,False,REGULAR,USD,call,GOOG,2027-03-19,2026-04-03,30.85,350,0.958904109589041,294.4599914550781,1.1206955429472794,1.4000000000000021,0.04538087520259326,2,0.11394951304222022,one_year
GOOG270319C00335000,2026-04-02 16:58:33,335.0,28.6,28.4,29.45,-0.5,-1.7182131,5.0,87,0.38411565597534175,False,REGULAR,USD,call,GOOG,2027-03-19,2026-04-03,28.924999999999997,350,0.958904109589041,294.4599914550781,1.1376757784464806,1.0500000000000007,0.03630077787381161,1,0.12898739040676077,one_year
GOOG270319P00255000,2026-04-02 18:22:16,255.0,19.75,19.15,20.95,1.4500008,7.923502,12.0,238,0.3505466557312011,False,REGULAR,USD,put,GOOG,2027-03-19,2026-04-03,20.049999999999997,350,0.958904109589041,294.4599914550781,0.8659920104592612,1.8000000000000007,0.0897755610972569,1,-0.14387959625987967,one_year
GOOG270319P00260000,2026-04-02 18:52:18,260.0,21.45,20.55,21.45,1.4000015,6.9825516,13.0,211,0.33481500152587884,False,REGULAR,USD,put,GOOG,2027-03-19,2026-04-03,21.0,350,0.958904109589041,294.4599914550781,0.8829722459584625,0.8999999999999986,0.04285714285714279,1,-0.12446151040277803,one_year
GOOG270319P00265000,2026-04-01 14:54:14,265.0,22.5,22.1,23.6,0.0,0.0,2.0,139,0.3349981051635742,False,REGULAR,USD,put,GOOG,2027-03-19,2026-04-03,22.85,350,0.958904109589041,294.4599914550781,0.8999524814576637,1.5,0.06564551422319474,2,-0.1054133154320835,one_year
GOOG270319P00270000,2026-04-02 18:14:00,270.0,25.15,24.5,25.3,1.2199993,5.0982003,1.0,452,0.3298254273986816,False,REGULAR,USD,put,GOOG,2027-03-19,2026-04-03,24.9,350,0.958904109589041,294.4599914550781,0.9169327169568648,0.8000000000000007,0.03212851405622493,1,-0.08672118241993103,one_year
GOOG270319P00275000,2026-04-02 13:33:54,275.0,28.7,25.85,27.55,2.3900013,9.084003,1.0,96,0.3289556851196288,False,REGULAR,USD,put,GOOG,2027-03-19,2026-04-03,26.700000000000003,350,0.958904109589041,294.4599914550781,0.9339129524560661,1.6999999999999993,0.06367041198501869,1,-0.06837204375173445,one_year
GOOG270319P00280000,2026-04-02 19:47:31,280.0,29.33,28.1,29.3,0.5799999,2.0173912,1.0,175,0.3225165405273437,False,REGULAR,USD,put,GOOG,2027-03-19,2026-04-03,28.700000000000003,350,0.958904109589041,294.4599914550781,0.9508931879552672,1.1999999999999993,0.04181184668989544,1,-0.0503535382490562,one_year
GOOG270319P00285000,2026-04-01 19:39:52,285.0,30.9,30.4,31.95,0.0,0.0,55.0,74,0.32340154144287103,False,REGULAR,USD,put,GOOG,2027-03-19,2026-04-03,31.174999999999997,350,0.958904109589041,294.4599914550781,0.9678734234544685,1.5500000000000007,0.049719326383319995,2,-0.032653961149655235,one_year
GOOG270319P00290000,2026-04-02 19:03:13,290.0,34.0,32.55,34.25,-7.709999,-18.484774,1.0,110,0.3201667105102538,False,REGULAR,USD,put,GOOG,2027-03-19,2026-04-03,33.4,350,0.958904109589041,294.4599914550781,0.9848536589536697,1.7000000000000028,0.05089820359281446,1,-0.015262218437786003,one_year
GOOG270319P00295000,2026-04-02 18:11:12,295.0,36.2,34.95,36.5,0.70000076,1.9718332,13.0,72,0.31560437820434567,True,REGULAR,USD,put,GOOG,2027-03-19,2026-04-03,35.725,350,0.958904109589041,294.4599914550781,1.0018338944528709,1.5499999999999972,0.04338698390482847,1,0.0018322149215140434,one_year
GOOG270319P00300000,2026-04-02 18:11:12,300.0,38.7,37.5,39.25,0.7900009,2.0838852,1.0,183,0.31453627365112297,True,REGULAR,USD,put,GOOG,2027-03-19,2026-04-03,38.375,350,0.958904109589041,294.4599914550781,1.018814129952072,1.75,0.04560260586319218,1,0.018639333237895322,one_year
GOOG270319P00305000,2026-04-02 17:59:22,305.0,41.65,40.35,41.6,1.2400017,3.0685515,4.0,202,0.3091041990661621,True,REGULAR,USD,put,GOOG,2027-03-19,2026-04-03,40.975,350,0.958904109589041,294.4599914550781,1.0357943654512733,1.25,0.03050640634533252,1,0.03516863518910593,one_year
GOOG270319P00310000,2026-04-01 15:57:55,310.0,42.8,42.8,45.15,0.0,0.0,5.0,94,0.31320877227783206,True,REGULAR,USD,put,GOOG,2027-03-19,2026-04-03,43.974999999999994,350,0.958904109589041,294.4599914550781,1.0527746009504746,2.3500000000000014,0.05343945423536104,2,0.05142915606088628,one_year
GOOG270319P00315000,2026-04-02 18:11:12,315.0,46.95,45.9,49.0,-6.2599983,-11.764703,1.0,49,0.31905283004760737,True,REGULAR,USD,put,GOOG,2027-03-19,2026-04-03,47.45,350,0.958904109589041,294.4599914550781,1.0697548364496756,3.1000000000000014,0.065331928345627,1,0.06742949740732725,one_year
GOOG270319P00320000,2026-04-01 15:56:20,320.0,48.4,47.0,50.45,0.0,0.0,1.0,42,0.3031228135681152,True,REGULAR,USD,put,GOOG,2027-03-19,2026-04-03,48.725,350,0.958904109589041,294.4599914550781,1.0867350719488769,3.450000000000003,0.07080554130323248,2,0.08317785437546646,one_year
GOOG270319P00325000,2026-03-30 14:11:03,325.0,64.74,50.4,53.1,0.0,0.0,2.0,49,0.29671418624877927,True,REGULAR,USD,put,GOOG,2027-03-19,2026-04-03,51.75,350,0.958904109589041,294.4599914550781,1.103715307448078,2.700000000000003,0.052173913043478314,4,0.09868204091143175,one_year
GOOG270319P00330000,2026-04-02 19:23:59,330.0,56.39,54.2,56.25,1.1399994,2.0633473,13.0,90,0.2937997866821288,True,REGULAR,USD,put,GOOG,2027-03-19,2026-04-03,55.225,350,0.958904109589041,294.4599914550781,1.1206955429472794,2.049999999999997,0.03712086917157079,1,0.11394951304222022,one_year
GOOG270319P00335000,2026-03-30 14:11:03,335.0,72.03,56.85,61.5,0.0,0.0,1.0,5,0.3089973886108398,True,REGULAR,USD,put,GOOG,2027-03-19,2026-04-03,59.175,350,0.958904109589041,294.4599914550781,1.1376757784464806,4.649999999999999,0.0785804816223067,4,0.12898739040676077,one_year
