contractsymbol,lasttradedate,strike,lastprice,bid,ask,change,percentchange,volume,openinterest,impliedvolatility,inthemoney,contractsize,currency,option_type,ticker,expiration,valuation_date,mid,days_to_expiry,ttm,spot,moneyness,spread,spread_over_mid,trade_age_days,log_moneyness,maturity_bucket,iv_model,moneyness_flag,oos_flag,sample,iv_engine,price_bsm,delta_bsm,price_crr,delta_crr,price_lsm,eep_crr,eep_lsm
GOOG260410C00260000,2026-04-02 19:46:45,260.0,34.0,33.6,35.75,-1.8800011,-5.239691,5.0,72,0.6584506811523438,True,REGULAR,USD,call,GOOG,2026-04-10,2026-04-03,34.675,7,0.019178082191780823,294.4599914550781,0.8829722459584625,2.1499999999999986,0.062004325883201115,1,-0.12446151040277803,weekly,0.36492847452892246,itm,True,oos,0.44165005826662923,34.771540488148844,0.9811068888352472,34.77101210593799,0.9807895069847762,34.80655602691979,-0.000528382210852385,0.035015538770949206
GOOG260410C00272500,2026-04-02 19:48:29,272.5,21.69,20.5,24.25,-1.9899998,-8.403715,24.0,219,0.567265069580078,True,REGULAR,USD,call,GOOG,2026-04-10,2026-04-03,22.375,7,0.019178082191780823,294.4599914550781,0.9254228347064655,3.75,0.16759776536312848,1,-0.077504527315007,weekly,0.3275213898171263,itm,True,oos,0.3850046075124902,22.630528875523794,0.9323663193277921,22.630187773214058,0.9318170419918358,22.575006317467363,-0.0003411023097363852,-0.05552255805643114
GOOG260410C00275000,2026-04-02 19:57:55,275.0,20.14,19.35,20.9,-1.1599998,-5.446009,49.0,301,0.44360907958984375,True,REGULAR,USD,call,GOOG,2026-04-10,2026-04-03,20.125,7,0.019178082191780823,294.4599914550781,0.9339129524560661,1.5499999999999972,0.07701863354037253,1,-0.06837204375173445,weekly,0.34849056814350937,itm,True,oos,0.37336770816285214,20.27531709241819,0.9133918511897045,20.275963184150665,0.9127663087794291,20.197934514120636,0.0006460917324737636,-0.07738257829755568
GOOG260410C00277500,2026-04-02 19:28:45,277.5,17.32,16.55,19.2,-1.6700001,-8.794103,8.0,328,0.4753470434570312,True,REGULAR,USD,call,GOOG,2026-04-10,2026-04-03,17.875,7,0.019178082191780823,294.4599914550781,0.9424030702056667,2.6499999999999986,0.14825174825174817,1,-0.05932220823181651,weekly,0.3500353242539859,itm,True,oos,0.3616656018889979,17.962389431728553,0.8894622719748393,17.963754381721508,0.8884841310878603,17.86889308968347,0.001364949992954223,-0.09349634204508206
GOOG260410C00280000,2026-04-02 19:52:37,280.0,15.5,14.75,16.35,-1.5,-8.823529,135.0,766,0.4018614501953125,True,REGULAR,USD,call,GOOG,2026-04-10,2026-04-03,15.55,7,0.019178082191780823,294.4599914550781,0.9508931879552672,1.6000000000000014,0.10289389067524124,1,-0.0503535382490562,weekly,0.3325096638775954,itm,True,oos,0.3499356809798613,15.704043281016965,0.8594762159808997,15.705779677995006,0.8578978039242505,15.57941582850682,0.001736396978040844,-0.12462745251014518
GOOG260410C00282500,2026-04-02 19:36:55,282.5,12.7,12.3,14.65,-2.13,-14.36278,79.0,363,0.4185849157714844,True,REGULAR,USD,call,GOOG,2026-04-10,2026-04-03,13.475000000000001,7,0.019178082191780823,294.4599914550781,0.9593833057048679,2.3499999999999996,0.17439703153988864,1,-0.04146459083181015,weekly,0.3343595646138528,itm,False,calibration,0.33823498149859005,13.515953277936404,0.8222153283547167,13.51709256117348,0.8199977573489721,13.3667016822278,0.0011392832370749062,-0.1492515957086038
GOOG260410C00285000,2026-04-02 19:59:15,285.0,11.33,11.1,11.55,-1.0200005,-8.259113,425.0,1253,0.32691102783203124,True,REGULAR,USD,call,GOOG,2026-04-10,2026-04-03,11.325,7,0.019178082191780823,294.4599914550781,0.9678734234544685,0.45000000000000107,0.03973509933774844,1,-0.032653961149655235,weekly,0.31897874848056124,itm,False,calibration,0.3266480565278618,11.417846999309546,0.776434608015395,11.41565990530113,0.7739778834675278,11.211009673084739,-0.0021870940084163237,-0.20683732622480733
GOOG260410C00287500,2026-04-02 19:57:57,287.5,9.3,9.2,9.6,-1.4499998,-13.48837,551.0,594,0.3156806713867187,True,REGULAR,USD,call,GOOG,2026-04-10,2026-04-03,9.399999999999999,7,0.019178082191780823,294.4599914550781,0.9763635412040691,0.40000000000000036,0.04255319148936175,1,-0.02392028118090061,weekly,0.3128110279740304,itm,False,calibration,0.31529597774876283,9.434005734284085,0.7210475660410663,9.432955904287804,0.7193989284830358,9.241881398775863,-0.0010498299962815594,-0.19212433550822183
GOOG260410C00290000,2026-04-02 19:59:40,290.0,7.58,7.4,7.75,-1.21,-13.765643,1364.0,1558,0.3023751403808594,True,REGULAR,USD,call,GOOG,2026-04-10,2026-04-03,7.575,7,0.019178082191780823,294.4599914550781,0.9848536589536697,0.34999999999999964,0.04620462046204616,1,-0.015262218437786003,weekly,0.30313292196817143,itm,False,calibration,0.30435265353423047,7.593311486048833,0.655444966960472,7.598656660848979,0.6542982136322163,7.4152788528234,0.005345174800146069,-0.17803263322543295
GOOG260410C00292500,2026-04-02 19:58:11,292.5,5.9,5.8,6.1,-1.3499999,-18.620687,1228.0,971,0.291877198486328,True,REGULAR,USD,call,GOOG,2026-04-10,2026-04-03,5.949999999999999,7,0.019178082191780823,294.4599914550781,0.9933437767032702,0.2999999999999998,0.050420168067226864,1,-0.006678474746394621,weekly,0.2954309853793611,itm,False,calibration,0.2940491962246272,5.927972381767887,0.5799780602580165,5.928322577100371,0.5778685564111302,5.846412102765749,0.0003501953324835938,-0.08156027900213836
GOOG260410C00295000,2026-04-02 19:59:00,295.0,4.45,4.4,4.6,-1.3500004,-23.27587,2113.0,1536,0.2795482202148437,False,REGULAR,USD,call,GOOG,2026-04-10,2026-04-03,4.5,7,0.019178082191780823,294.4599914550781,1.0018338944528709,0.1999999999999993,0.04444444444444429,1,0.0018322149215140434,weekly,0.28650576307658704,atm,False,calibration,0.28468212805781185,4.47033386591329,0.496523334645181,4.474749987839081,0.49745419731796,4.447528663462927,0.0044161219257912165,-0.022805202450362216
GOOG260410C00297500,2026-04-02 19:58:28,297.5,3.21,3.1,3.4,-1.29,-28.666666,872.0,484,0.2727123510742187,False,REGULAR,USD,call,GOOG,2026-04-10,2026-04-03,3.25,7,0.019178082191780823,294.4599914550781,1.0103240122024715,0.2999999999999998,0.09230769230769226,1,0.010271083567378691,weekly,0.27679209114727116,otm,False,calibration,0.2765952513512919,3.246881594344515,0.4088837707192631,3.245371116293523,0.4088449986201555,3.181817885907801,-0.0015104780509922477,-0.06506370843671405
GOOG260410C00300000,2026-04-02 19:59:53,300.0,2.3,2.22,2.3,-1.1000001,-32.352943,2461.0,3920,0.25879647460937505,False,REGULAR,USD,call,GOOG,2026-04-10,2026-04-03,2.26,7,0.019178082191780823,294.4599914550781,1.018814129952072,0.07999999999999963,0.035398230088495415,1,0.018639333237895322,weekly,0.2694275343962727,otm,False,calibration,0.2701310253015637,2.2702899337459,0.3225669434285161,2.2747810588113984,0.32459700534927616,2.2221906712193737,0.004491125065498203,-0.04809926252652641
GOOG260410C00302500,2026-04-02 19:59:20,302.5,1.51,1.46,1.55,-0.8399999,-35.74468,6846.0,794,0.2533033654785156,False,REGULAR,USD,call,GOOG,2026-04-10,2026-04-03,1.505,7,0.019178082191780823,294.4599914550781,1.0273042477016727,0.09000000000000008,0.0598006644518273,1,0.026938136052590437,weekly,0.2633700613405674,otm,False,calibration,0.26555138691667807,1.5328179152838857,0.24359668968774945,1.5326697162351113,0.2468450635503532,1.4762877301537316,-0.00014819904877438894,-0.056530185130154065
GOOG260410C00305000,2026-04-02 19:59:52,305.0,0.97,0.94,1.0,-0.8399999,-46.408836,1564.0,3108,0.2486647399902344,False,REGULAR,USD,call,GOOG,2026-04-10,2026-04-03,0.97,7,0.019178082191780823,294.4599914550781,1.0357943654512733,0.06000000000000005,0.06185567010309284,1,0.03516863518910593,weekly,0.2595542477832481,otm,False,calibration,0.26296304798424286,1.0058419254929234,0.17670657939567536,1.0053016033822575,0.17933572672693468,0.9487561666222943,-0.0005403221106659029,-0.057085758870629055
GOOG260410C00307500,2026-04-02 19:58:15,307.5,0.63,0.58,0.67,-0.56000006,-47.058826,578.0,590,0.2507399145507812,False,REGULAR,USD,call,GOOG,2026-04-10,2026-04-03,0.625,7,0.019178082191780823,294.4599914550781,1.044284483200874,0.09000000000000008,0.14400000000000013,1,0.04333194582826689,weekly,0.2596169055469371,otm,False,calibration,0.26228594974278896,0.6471224734419536,0.1239995479311411,0.6483889233376524,0.12726739305166762,0.6340846727310204,0.0012664498956987957,-0.01303780071093319
GOOG260410C00310000,2026-04-02 19:58:39,310.0,0.39,0.38,0.4,-0.48000002,-55.172413,1075.0,2517,0.247077841796875,False,REGULAR,USD,call,GOOG,2026-04-10,2026-04-03,0.39,7,0.019178082191780823,294.4599914550781,1.0527746009504746,0.020000000000000018,0.05128205128205133,1,0.05142915606088628,weekly,0.2598012751267836,otm,True,oos,0.26329057992624005,0.41183970696949856,0.08491501847529381,0.40878001714067663,0.0872575990631534,0.4034623829856776,-0.003059689828821932,-0.008377323983820961
GOOG260410C00312500,2026-04-02 19:59:10,312.5,0.25,0.23,0.27,-0.32999998,-56.89655,768.0,331,0.2524488818359375,False,REGULAR,USD,call,GOOG,2026-04-10,2026-04-03,0.25,7,0.019178082191780823,294.4599914550781,1.061264718700075,0.04000000000000001,0.16000000000000003,1,0.05946132775815035,weekly,0.2632480032113707,otm,True,oos,0.2656743333517997,0.26122521986576075,0.05723478856972943,0.26129311237618436,0.059626666222994014,0.2524821567635388,6.789251042360611e-05,-0.008743063102221948
GOOG260410C00315000,2026-04-02 19:59:51,315.0,0.18,0.15,0.17,-0.22,-55.0,1422.0,1304,0.25489026367187506,False,REGULAR,USD,call,GOOG,2026-04-10,2026-04-03,0.16,7,0.019178082191780823,294.4599914550781,1.0697548364496756,0.020000000000000018,0.1250000000000001,1,0.06742949740732725,weekly,0.26732750183972864,otm,True,oos,0.26912503784839054,0.1660240792106027,0.038238621644685625,0.16518217828197193,0.03972019076736562,0.16297935991951437,-0.0008419009286307622,-0.0030447192910883214
GOOG260410C00317500,2026-04-02 19:59:42,317.5,0.12,0.1,0.12,-0.15,-55.555557,494.0,476,0.26270268554687504,False,REGULAR,USD,call,GOOG,2026-04-10,2026-04-03,0.11,7,0.019178082191780823,294.4599914550781,1.0782449541992762,0.01999999999999999,0.18181818181818174,1,0.07533467691444054,weekly,0.27496653341569977,otm,True,oos,0.2733671011274722,0.10608603682932483,0.025454566829055728,0.10454823740745471,0.02679176526249932,0.10780552367291553,-0.0015377994218701146,0.0017194868435907035
GOOG260410C00320000,2026-04-02 19:51:27,320.0,0.08,0.07,0.09,-0.11,-57.894737,1062.0,1468,0.27295648925781246,False,REGULAR,USD,call,GOOG,2026-04-10,2026-04-03,0.08,7,0.019178082191780823,294.4599914550781,1.0867350719488769,0.01999999999999999,0.24999999999999986,1,0.08317785437546646,weekly,0.284663771980785,otm,True,oos,0.2781753492839096,0.06827587551037517,0.01694251903399988,0.06762574101609423,0.01800716232642627,0.06773386271007767,-0.0006501344942809462,-0.0005420128002975033
GOOG260410P00255000,2026-04-02 18:58:20,255.0,0.07,0.06,0.09,-0.07,-50.0,361.0,486,0.44336494140625,False,REGULAR,USD,put,GOOG,2026-04-10,2026-04-03,0.075,7,0.019178082191780823,294.4599914550781,0.8659920104592612,0.03,0.4,1,-0.14387959625987967,weekly,0.46786330162342954,otm,True,oos,0.4635174817829926,0.07388210434868148,-0.011167062826499485,0.07286294061081856,-0.011520335896771752,0.07183245549792014,-0.0010191637378629131,-0.0020496488507613375
GOOG260410P00260000,2026-04-02 19:51:42,260.0,0.11,0.11,0.13,-0.120000005,-52.173912,262.0,891,0.41309180664062495,False,REGULAR,USD,put,GOOG,2026-04-10,2026-04-03,0.12,7,0.019178082191780823,294.4599914550781,0.8829722459584625,0.020000000000000004,0.1666666666666667,1,-0.12446151040277803,weekly,0.440696742522636,otm,True,oos,0.44165005826662923,0.12662304810268576,-0.018893111164752785,0.12619762033034795,-0.019226525957432145,0.12789888534136687,-0.0004254277723378108,0.0012758372386811045
GOOG260410P00265000,2026-04-02 19:50:13,265.0,0.21,0.19,0.22,-0.14,-40.0,531.0,823,0.39160764648437496,False,REGULAR,USD,put,GOOG,2026-04-10,2026-04-03,0.20500000000000002,7,0.019178082191780823,294.4599914550781,0.8999524814576637,0.03,0.14634146341463414,1,-0.1054133154320835,weekly,0.4157367488856184,otm,True,oos,0.4193295557404457,0.21587093294558102,-0.03168818189035738,0.2146854292303334,-0.032782937197266174,0.2078282865607957,-0.0011855037152476156,-0.008042646384785329
GOOG260410P00267500,2026-04-02 19:47:13,267.5,0.29,0.18,0.3,-0.17000002,-36.956524,54.0,251,0.3842835009765625,False,REGULAR,USD,put,GOOG,2026-04-10,2026-04-03,0.24,7,0.019178082191780823,294.4599914550781,0.9084425992072642,0.12,0.5,1,-0.09602357508224457,weekly,0.39792913942730984,otm,True,oos,0.4079966589213673,0.28138279635340346,-0.04090022196170773,0.2783281404202953,-0.04182885966693855,0.2747858902051171,-0.0030546559331081635,-0.006596906148286341
GOOG260410P00270000,2026-04-02 19:59:26,270.0,0.35,0.35,0.37,-0.21000001,-37.5,1246.0,925,0.36914693359375,False,REGULAR,USD,put,GOOG,2026-04-10,2026-04-03,0.36,7,0.019178082191780823,294.4599914550781,0.9169327169568648,0.020000000000000018,0.05555555555555561,1,-0.08672118241993103,weekly,0.39469589811924477,otm,True,oos,0.39655241664456686,0.36641530069135264,-0.0526634793172811,0.36512087601418364,-0.05340750409459001,0.36165642394795744,-0.0012944246771690038,-0.004758876743395202
GOOG260410P00272500,2026-04-02 19:59:25,272.5,0.47,0.45,0.49,-0.29999998,-38.961037,273.0,516,0.35986968261718744,False,REGULAR,USD,put,GOOG,2026-04-10,2026-04-03,0.47,7,0.019178082191780823,294.4599914550781,0.9254228347064655,0.03999999999999998,0.08510638297872336,1,-0.077504527315007,weekly,0.3852826904756407,otm,True,oos,0.3850046075124902,0.47672076312341716,-0.06763368067220787,0.47689771273687714,-0.06828258693216457,0.4681042284357275,0.00017694961345998683,-0.008616534687689636
GOOG260410P00275000,2026-04-02 19:59:14,275.0,0.61,0.6,0.66,-0.31,-33.695652,545.0,1442,0.3523013989257812,False,REGULAR,USD,put,GOOG,2026-04-10,2026-04-03,0.63,7,0.019178082191780823,294.4599914550781,0.9339129524560661,0.06000000000000005,0.09523809523809532,1,-0.06837204375173445,weekly,0.3742585199202665,otm,True,oos,0.37336770816285214,0.6197308455469575,-0.08660814881029555,0.6211067704543238,-0.0873696104791756,0.6152698329665249,0.001375924907366377,-0.004461012580432522
GOOG260410P00277500,2026-04-02 19:59:14,277.5,0.83,0.78,0.88,-0.27000004,-24.545458,481.0,313,0.3442448388671875,False,REGULAR,USD,put,GOOG,2026-04-10,2026-04-03,0.8300000000000001,7,0.019178082191780823,294.4599914550781,0.9424030702056667,0.09999999999999998,0.12048192771084333,1,-0.05932220823181651,weekly,0.3657719280453535,otm,True,oos,0.3616656018889979,0.8050250503865257,-0.11053772802516071,0.8074172987829332,-0.11169978913018609,0.7834413148097409,0.0023922483964075036,-0.021583735576784835
GOOG260410P00280000,2026-04-02 19:57:53,280.0,1.13,1.0,1.13,-0.35000002,-23.64865,1509.0,1459,0.3327703442382813,False,REGULAR,USD,put,GOOG,2026-04-10,2026-04-03,1.065,7,0.019178082191780823,294.4599914550781,0.9508931879552672,0.1299999999999999,0.12206572769953042,1,-0.0503535382490562,weekly,0.3510472047374706,otm,True,oos,0.3499356809798613,1.044900765204062,-0.14052378401910026,1.048081724243492,-0.14234984005006415,0.9960483960091414,0.0031809590394300535,-0.04885236919492064
GOOG260410P00282500,2026-04-02 19:59:50,282.5,1.38,1.17,1.57,-0.49,-26.203209,255.0,446,0.3314275842285156,False,REGULAR,USD,put,GOOG,2026-04-10,2026-04-03,1.37,7,0.019178082191780823,294.4599914550781,0.9593833057048679,0.40000000000000013,0.2919708029197081,1,-0.04146459083181015,weekly,0.3403106043489689,otm,False,calibration,0.33823498149859005,1.3550326276526903,-0.17778467164528333,1.3582113495878168,-0.18033593374922405,1.2936574541661097,0.0031787219351264717,-0.061375173486580614
GOOG260410P00285000,2026-04-02 19:59:52,285.0,1.8,1.61,1.85,-0.55999994,-23.728811,853.0,887,0.3090889404296875,False,REGULAR,USD,put,GOOG,2026-04-10,2026-04-03,1.73,7,0.019178082191780823,294.4599914550781,0.9678734234544685,0.24,0.13872832369942195,1,-0.032653961149655235,weekly,0.3229990701513161,otm,False,calibration,0.3266480565278618,1.7551482145549784,-0.223565391984605,1.7558914314972418,-0.22647573923631048,1.7152271213391184,0.0007432169422634249,-0.039921093215860015
GOOG260410P00287500,2026-04-02 19:59:33,287.5,2.4,2.3,2.47,-0.4699998,-16.3763,765.0,381,0.3043282458496094,False,REGULAR,USD,put,GOOG,2026-04-10,2026-04-03,2.385,7,0.019178082191780823,294.4599914550781,0.9763635412040691,0.17000000000000037,0.07127882599580729,1,-0.02392028118090061,weekly,0.32368377690982736,otm,False,calibration,0.31529597774876283,2.2695288150586492,-0.27895243395893365,2.272877073349989,-0.28123678889012155,2.23156355938488,0.0033482582913397785,-0.03796525567376907
GOOG260410P00290000,2026-04-02 19:59:07,290.0,3.06,3.0,3.15,-0.61000013,-16.621258,1156.0,1578,0.29383030395507803,False,REGULAR,USD,put,GOOG,2026-04-10,2026-04-03,3.075,7,0.019178082191780823,294.4599914550781,0.9848536589536697,0.1499999999999999,0.048780487804878016,1,-0.015262218437786003,weekly,0.313103058078408,otm,False,calibration,0.30435265353423047,2.9270564323525576,-0.34455503303952795,2.9384727326494513,-0.3466601642807459,2.8867739342012264,0.011416300296893667,-0.040282498151331225
GOOG260410P00292500,2026-04-02 19:59:50,292.5,3.84,3.8,4.0,-0.6600001,-14.666669,2512.0,791,0.2838206384277343,False,REGULAR,USD,put,GOOG,2026-04-10,2026-04-03,3.9,7,0.019178082191780823,294.4599914550781,0.9933437767032702,0.20000000000000018,0.05128205128205133,1,-0.006678474746394621,weekly,0.30076881725118365,otm,False,calibration,0.2940491962246272,3.759939193600829,-0.42002193974198354,3.7689590916407516,-0.42334958779066933,3.7489383839666925,0.009019898039922758,-0.0110008096341363
GOOG260410P00295000,2026-04-02 19:59:36,295.0,4.93,4.85,5.05,-0.62000036,-11.171177,593.0,873,0.2742992492675781,True,REGULAR,USD,put,GOOG,2026-04-10,2026-04-03,4.949999999999999,7,0.019178082191780823,294.4599914550781,1.0018338944528709,0.20000000000000018,0.04040404040404045,1,0.0018322149215140434,weekly,0.29286300810835286,atm,False,calibration,0.28468212805781185,4.800522543275292,-0.503476665354819,4.817551071915355,-0.5043664719149324,4.778322595630095,0.0170285286400631,-0.022199947645197504
GOOG260410P00297500,2026-04-02 19:54:11,297.5,6.35,6.0,6.5,-0.5100002,-7.4344053,83.0,180,0.27625235473632803,True,REGULAR,USD,put,GOOG,2026-04-10,2026-04-03,6.25,7,0.019178082191780823,294.4599914550781,1.0103240122024715,0.5,0.08,1,0.010271083567378691,weekly,0.2869900686430318,itm,False,calibration,0.2765952513512919,6.075292137235692,-0.5911162292807369,6.0917428616351925,-0.5934891370802454,5.982077499956169,0.01645072439950024,-0.09321463727952306
GOOG260410P00300000,2026-04-02 19:55:06,300.0,7.95,7.25,8.0,-0.32999992,-3.9855063,700.0,1801,0.2690502783203125,True,REGULAR,USD,put,GOOG,2026-04-10,2026-04-03,7.625,7,0.019178082191780823,294.4599914550781,1.018814129952072,0.75,0.09836065573770492,1,0.018639333237895322,weekly,0.26974347804315296,itm,False,calibration,0.2701310253015637,7.596922342166238,-0.6774330565714839,7.62662654450157,-0.6786467469061085,7.506293197330507,0.02970420233533222,-0.09062914483573081
GOOG260410P00302500,2026-04-02 19:56:51,302.5,9.58,8.95,10.05,0.5799999,6.4444437,46.0,76,0.28613995117187496,True,REGULAR,USD,put,GOOG,2026-04-10,2026-04-03,9.5,7,0.019178082191780823,294.4599914550781,1.0273042477016727,1.1000000000000014,0.11578947368421068,1,0.026938136052590437,weekly,0.2727400757002142,itm,False,calibration,0.26555138691667807,9.357672189233398,-0.7564033103122505,9.392864575241175,-0.7574248985416129,9.329248651095531,0.03519238600777719,-0.0284235381378668
GOOG260410P00305000,2026-04-02 19:59:39,305.0,11.48,11.0,12.2,-0.12000084,-1.0344899,5.0,177,0.30286341674804684,True,REGULAR,USD,put,GOOG,2026-04-10,2026-04-03,11.6,7,0.019178082191780823,294.4599914550781,1.0357943654512733,1.1999999999999993,0.10344827586206891,1,0.03516863518910593,weekly,0.2839189643629325,itm,False,calibration,0.26296304798424286,11.32891806497156,-0.8232934206043246,11.375795059598431,-0.825987552183452,11.345875938624078,0.04687699462687078,0.016957873652517108
GOOG260410P00307500,2026-04-01 19:13:02,307.5,13.95,13.25,14.7,0.5999994,4.4943776,1.0,36,0.34229173339843744,True,REGULAR,USD,put,GOOG,2026-04-10,2026-04-03,13.975,7,0.019178082191780823,294.4599914550781,1.044284483200874,1.4499999999999993,0.10375670840787116,2,0.04333194582826689,weekly,0.3103099197388821,itm,False,calibration,0.26228594974278896,13.46842047844973,-0.8760004520688589,13.531809876857153,-0.8792834407190909,13.587413545073467,0.06338939840742341,0.11899306662373732
GOOG260410P00310000,2026-04-02 18:55:12,310.0,16.55,14.95,18.3,0.34999847,2.1604843,5.0,141,0.4664359997558594,True,REGULAR,USD,put,GOOG,2026-04-10,2026-04-03,16.625,7,0.019178082191780823,294.4599914550781,1.0527746009504746,3.3500000000000014,0.20150375939849632,1,0.05142915606088628,weekly,0.36318948465168427,itm,True,oos,0.26329057992624005,15.731359577506453,-0.9150849815247062,15.80812954667281,-0.9204653885678502,15.847652498365973,0.07676996916635659,0.11629292085951981
GOOG260501C00255000,2026-04-01 17:54:07,255.0,44.65,40.55,43.5,0.0,0.0,10.0,11,0.5496871203613283,True,REGULAR,USD,call,GOOG,2026-05-01,2026-04-03,42.025,28,0.07671232876712329,294.4599914550781,0.8659920104592612,2.950000000000003,0.07019631171921482,2,-0.14387959625987967,short,0.4391121873850852,itm,True,oos,0.4505152581149112,42.194310199001166,0.8921923790531603,42.19066520251131,0.8912187449867375,41.862487167250904,-0.0036449964898537246,-0.33182303175026107
GOOG260501C00260000,2026-04-01 19:39:12,260.0,38.0,35.5,39.05,0.0,0.0,1.0,24,0.5258836474609375,True,REGULAR,USD,call,GOOG,2026-05-01,2026-04-03,37.275,28,0.07671232876712329,294.4599914550781,0.8829722459584625,3.549999999999997,0.09523809523809516,2,-0.12446151040277803,short,0.41082992388743383,itm,True,oos,0.437762635607433,37.73131293406365,0.8666314268252886,37.73285355595899,0.8650265463671964,37.37754239339498,0.001540621895337324,-0.35377054066866975
GOOG260501C00265000,2026-04-02 14:26:35,265.0,32.0,32.65,34.6,13.65,74.38692,1.0,27,0.49847913635253904,True,REGULAR,USD,call,GOOG,2026-05-01,2026-04-03,33.625,28,0.07671232876712329,294.4599914550781,0.8999524814576637,1.9500000000000028,0.05799256505576217,1,-0.1054133154320835,short,0.4365267205208665,itm,True,oos,0.42541705949983666,33.39845749423296,0.8358904535260494,33.40358528104477,0.8335288240243333,32.95547744740932,0.0051277868118120296,-0.4429800468236351
GOOG260501C00270000,2026-04-01 14:06:20,270.0,27.9,27.4,30.15,0.0,0.0,1.0,42,0.46747358703613284,True,REGULAR,USD,call,GOOG,2026-05-01,2026-04-03,28.775,28,0.07671232876712329,294.4599914550781,0.9169327169568648,2.75,0.0955690703735882,2,-0.08672118241993103,short,0.3935768193527275,itm,True,oos,0.4135497141243858,29.22496891549187,0.7993321088786429,29.232412684760114,0.796217059235375,28.672978845750816,0.007443769268242306,-0.5519900697410556
GOOG260501C00275000,2026-04-02 13:44:25,275.0,21.35,23.95,26.25,-4.6499996,-17.884613,1.0,161,0.4529473651123047,True,REGULAR,USD,call,GOOG,2026-05-01,2026-04-03,25.1,28,0.07671232876712329,294.4599914550781,0.9339129524560661,2.3000000000000007,0.0916334661354582,1,-0.06837204375173445,short,0.3965761757571467,itm,True,oos,0.4022360992851065,25.244227125618835,0.7564605194367018,25.252716848469092,0.7528238185111076,24.753174093007814,0.008489722850256953,-0.4910530326110205
GOOG260501C00280000,2026-04-02 14:33:42,280.0,21.0,20.3,22.35,-1.8999996,-8.296942,34.0,145,0.43201251586914063,True,REGULAR,USD,call,GOOG,2026-05-01,2026-04-03,21.325000000000003,28,0.07671232876712329,294.4599914550781,0.9508931879552672,2.0500000000000007,0.09613130128956626,1,-0.0503535382490562,short,0.385559294178415,itm,True,oos,0.39155324407094927,21.492816464203003,0.7070461411205838,21.50026518594414,0.7034202864028669,20.908496555987117,0.007448721741138087,-0.5843199082158854
GOOG260501C00285000,2026-04-02 19:58:48,285.0,18.05,16.9,18.35,-0.9900017,-5.1995883,24.0,146,0.40167834655761714,True,REGULAR,USD,call,GOOG,2026-05-01,2026-04-03,17.625,28,0.07671232876712329,294.4599914550781,0.9678734234544685,1.4500000000000028,0.08226950354609945,1,-0.032653961149655235,short,0.36883497497372847,itm,False,calibration,0.3815738364346005,18.00858118514512,0.6512685953019036,18.01095974904949,0.6484894798079817,17.503395655766454,0.0023785639043722995,-0.5051855293786645
GOOG260501C00290000,2026-04-02 19:21:53,290.0,14.91,14.25,15.6,-0.84000015,-5.333334,98.0,205,0.40344834838867194,True,REGULAR,USD,call,GOOG,2026-05-01,2026-04-03,14.925,28,0.07671232876712329,294.4599914550781,0.9848536589536697,1.3499999999999996,0.09045226130653264,1,-0.015262218437786003,short,0.37542997562530983,itm,False,calibration,0.37236172356515557,14.82770154498084,0.5898456697832699,14.818042014582916,0.5889544262950517,14.74092023216929,-0.009659530397923888,-0.0867813128115511
GOOG260501C00295000,2026-04-02 19:48:04,295.0,11.9,11.8,12.3,-1.25,-9.505704,112.0,2824,0.37933970275878903,False,REGULAR,USD,call,GOOG,2026-05-01,2026-04-03,12.05,28,0.07671232876712329,294.4599914550781,1.0018338944528709,0.5,0.04149377593360996,1,0.0018322149215140434,short,0.3660935424286779,atm,False,calibration,0.36396569790861394,11.980894605382787,0.5241056356078618,11.979332053262032,0.5261489524958274,11.8889190289579,-0.0015625521207542903,-0.09197557642488619
GOOG260501C00300000,2026-04-02 19:59:47,300.0,9.6,9.4,9.9,-0.7699995,-7.4252605,148.0,1116,0.3733583172607422,False,REGULAR,USD,call,GOOG,2026-05-01,2026-04-03,9.65,28,0.07671232876712329,294.4599914550781,1.018814129952072,0.5,0.05181347150259067,1,0.018639333237895322,short,0.3613810668543499,otm,False,calibration,0.3564145131061562,9.489366750423812,0.45595523706914554,9.500336550803866,0.45962677618738473,9.312721080019024,0.01096980038005313,-0.1766456704047883
GOOG260501C00305000,2026-04-02 19:47:39,305.0,7.15,7.25,7.6,-0.9999995,-12.269934,137.0,370,0.3606631317138671,False,REGULAR,USD,call,GOOG,2026-05-01,2026-04-03,7.425,28,0.07671232876712329,294.4599914550781,1.0357943654512733,0.34999999999999964,0.04713804713804709,1,0.03516863518910593,short,0.3517489134439787,otm,False,calibration,0.34971678990472627,7.361498420591005,0.3877185146549539,7.374004943815758,0.3866621466832223,7.199746282275083,0.01250652322475343,-0.16175213831592217
GOOG260501C00310000,2026-04-02 19:57:49,310.0,5.55,5.5,5.75,-0.75,-11.904761,80.0,6781,0.35169105346679685,False,REGULAR,USD,call,GOOG,2026-05-01,2026-04-03,5.625,28,0.07671232876712329,294.4599914550781,1.0527746009504746,0.25,0.044444444444444446,1,0.05142915606088628,short,0.3450235317327705,otm,True,oos,0.3438585683115904,5.590926173954685,0.3218608356373093,5.592152759879955,0.31934194843971964,5.470128988254295,0.0012265859252700295,-0.12079718570038978
GOOG260501C00315000,2026-04-02 19:57:49,315.0,4.11,4.0,4.25,-0.6799998,-14.196239,61.0,708,0.34400070068359373,False,REGULAR,USD,call,GOOG,2026-05-01,2026-04-03,4.125,28,0.07671232876712329,294.4599914550781,1.0697548364496756,0.25,0.06060606060606061,1,0.06742949740732725,short,0.3376019311486885,otm,True,oos,0.3388083616009722,4.156929853490453,0.2606600492072396,4.150095941285131,0.2624940797982201,3.992249176590122,-0.006833912205322257,-0.1646806769003315
GOOG260501C00320000,2026-04-02 19:52:42,320.0,3.05,2.91,3.1,-0.4000001,-11.594205,165.0,10506,0.3386906951904296,False,REGULAR,USD,call,GOOG,2026-05-01,2026-04-03,3.005,28,0.07671232876712329,294.4599914550781,1.0867350719488769,0.18999999999999995,0.06322795341098168,1,0.08317785437546646,short,0.3335795631233069,otm,True,oos,0.33451810666019816,3.026782304377342,0.2059066246237793,3.0316861319477293,0.20847174404738203,2.870313998613046,0.004903827570387431,-0.15646830576429593
GOOG260501C00325000,2026-04-02 19:41:17,325.0,2.11,2.04,2.24,-0.44000006,-17.254904,153.0,6690,0.3354558642578125,False,REGULAR,USD,call,GOOG,2026-05-01,2026-04-03,2.14,28,0.07671232876712329,294.4599914550781,1.103715307448078,0.20000000000000018,0.09345794392523372,1,0.09868204091143175,short,0.3299261397073615,otm,True,oos,0.3309309346192896,2.159800868419424,0.15871461354901956,2.1639600228359313,0.15828516351984936,2.047953568697688,0.00415915441650716,-0.1118472997217359
GOOG260501C00330000,2026-04-02 17:29:23,330.0,1.7,1.38,1.61,-0.24000001,-12.371134,96.0,621,0.33399103515625,False,REGULAR,USD,call,GOOG,2026-05-01,2026-04-03,1.495,28,0.07671232876712329,294.4599914550781,1.1206955429472794,0.2300000000000002,0.15384615384615397,1,0.11394951304222022,short,0.32694701855709807,otm,True,oos,0.3279837532742909,1.511821643681209,0.1194730448422393,1.5077668872602374,0.11867789912466466,1.4830358316402537,-0.004054756420971639,-0.028785812040955427
GOOG260501C00335000,2026-04-02 19:56:52,335.0,1.06,0.98,1.12,-0.3800001,-26.388895,3.0,359,0.33130551513671874,False,REGULAR,USD,call,GOOG,2026-05-01,2026-04-03,1.05,28,0.07671232876712329,294.4599914550781,1.1376757784464806,0.14000000000000012,0.13333333333333344,1,0.12898739040676077,short,0.3264266318377967,otm,True,oos,0.3256113720906389,1.0393621249035334,0.08793037107910223,1.0343241008729362,0.08930041136600467,1.0150900082714711,-0.005038024030597166,-0.0242721166320623
GOOG260501P00255000,2026-04-02 16:54:34,255.0,2.21,1.92,2.14,0.11000013,5.238102,6.0,294,0.44470770141601557,False,REGULAR,USD,put,GOOG,2026-05-01,2026-04-03,2.0300000000000002,28,0.07671232876712329,294.4599914550781,0.8659920104592612,0.2200000000000002,0.10837438423645329,1,-0.14387959625987967,short,0.45406256623474395,otm,True,oos,0.4505152581149112,2.0096135122620673,-0.10780762094683971,2.010626359088835,-0.1090668662715156,1.934223842114167,0.0010128468267676105,-0.07538967014790021
GOOG260501P00260000,2026-04-02 19:27:38,260.0,2.7,2.45,2.64,-0.03999996,-1.4598526,45.0,319,0.4294490649414063,False,REGULAR,USD,put,GOOG,2026-05-01,2026-04-03,2.545,28,0.07671232876712329,294.4599914550781,0.8829722459584625,0.18999999999999995,0.07465618860510803,1,-0.12446151040277803,short,0.43680645660629214,otm,True,oos,0.437762635607433,2.532406340821346,-0.1333685731747114,2.5402731088159713,-0.13535413481802672,2.4041762136958904,0.007866767994625157,-0.12823012712545578
GOOG260501P00265000,2026-04-02 19:14:12,265.0,3.4,3.05,3.25,0.0,0.0,26.0,221,0.41394629028320307,False,REGULAR,USD,put,GOOG,2026-05-01,2026-04-03,3.15,28,0.07671232876712329,294.4599914550781,0.8999524814576637,0.20000000000000018,0.06349206349206354,1,-0.1054133154320835,short,0.42354936819300165,otm,True,oos,0.42541705949983666,3.1853409944874613,-0.1641095464739506,3.1990963106554724,-0.16697827196580128,3.042953455316641,0.013755316168011067,-0.14238753917082025
GOOG260501P00270000,2026-04-02 19:13:54,270.0,4.08,3.75,4.15,-0.13000011,-3.0878887,226.0,810,0.4050962811279296,False,REGULAR,USD,put,GOOG,2026-05-01,2026-04-03,3.95,28,0.07671232876712329,294.4599914550781,0.9169327169568648,0.40000000000000036,0.10126582278481021,1,-0.08672118241993103,short,0.4097297428248358,otm,True,oos,0.4135497141243858,3.997642509243235,-0.20066789112135708,4.016856716161124,-0.20445734859252954,3.908545081418854,0.019214206917888887,-0.08909742782438101
GOOG260501P00275000,2026-04-02 19:59:00,275.0,5.08,4.8,5.1,-0.07000017,-1.3592267,315.0,370,0.39050902465820314,False,REGULAR,USD,put,GOOG,2026-05-01,2026-04-03,4.949999999999999,28,0.07671232876712329,294.4599914550781,0.9339129524560661,0.2999999999999998,0.06060606060606058,1,-0.06837204375173445,short,0.399438126437683,otm,True,oos,0.4022360992851065,5.002690812867058,-0.24353948056329822,5.027219801706346,-0.24807430125216606,4.91459881507707,0.02452898883928789,-0.08809199778998877
GOOG260501P00280000,2026-04-02 18:25:25,280.0,6.48,5.95,6.45,-0.119999886,-1.8181801,127.0,396,0.3828797064208984,False,REGULAR,USD,put,GOOG,2026-05-01,2026-04-03,6.2,28,0.07671232876712329,294.4599914550781,0.9508931879552672,0.5,0.08064516129032258,1,-0.0503535382490562,short,0.3878546858285842,otm,True,oos,0.39155324407094927,6.237070244948072,-0.29295385887941616,6.266362099221696,-0.2977778339123605,6.177840320651168,0.02929185427362402,-0.0592299242969041
GOOG260501P00285000,2026-04-02 19:42:14,285.0,8.2,7.7,7.95,0.14999962,1.8633492,1177.0,252,0.3714662463378906,False,REGULAR,USD,put,GOOG,2026-05-01,2026-04-03,7.825,28,0.07671232876712329,294.4599914550781,0.9678734234544685,0.25,0.03194888178913738,1,-0.032653961149655235,short,0.3841952166442397,otm,False,calibration,0.3815738364346005,7.738625059387033,-0.3487314046980964,7.770786856138562,-0.3531131287550374,7.670363479740639,0.03216179675152908,-0.06826157964639368
GOOG260501P00290000,2026-04-02 18:32:57,290.0,9.8,9.6,9.8,0.0,0.0,111.0,321,0.36225002990722655,False,REGULAR,USD,put,GOOG,2026-05-01,2026-04-03,9.7,28,0.07671232876712329,294.4599914550781,0.9848536589536697,0.20000000000000107,0.02061855670103104,1,-0.015262218437786003,short,0.3740713478605997,otm,False,calibration,0.37236172356515557,9.543535512719586,-0.4101543302167301,9.574827183632191,-0.4132135084722226,9.54091936234452,0.031291670912604985,-0.0026161503750667947
GOOG260501P00295000,2026-04-02 19:48:48,295.0,12.13,10.95,12.2,0.27000046,2.276564,21.0,209,0.3601138208007812,True,REGULAR,USD,put,GOOG,2026-05-01,2026-04-03,11.575,28,0.07671232876712329,294.4599914550781,1.0018338944528709,1.25,0.10799136069114472,1,0.0018322149215140434,short,0.35961739024652944,atm,False,calibration,0.36396569790861394,11.68251866661845,-0.47589436439213817,11.736576979352765,-0.47683072120707937,11.586521941897123,0.05405831273431616,-0.09599672472132603
GOOG260501P00300000,2026-04-02 13:30:10,300.0,16.6,13.75,16.0,2.6000004,18.571432,2.0,160,0.39050902465820314,True,REGULAR,USD,put,GOOG,2026-05-01,2026-04-03,14.875,28,0.07671232876712329,294.4599914550781,1.018814129952072,2.25,0.15126050420168066,1,0.018639333237895322,short,0.37413975518580433,itm,False,calibration,0.3564145131061562,14.17678090515625,-0.5440447629308545,14.260925103234914,-0.5445917133343745,13.932101912262926,0.0841441980786648,-0.2446789928933235
GOOG260501P00305000,2026-04-01 19:59:18,305.0,17.08,16.9,17.8,0.0,0.0,52.0,78,0.34998208618164056,True,REGULAR,USD,put,GOOG,2026-05-01,2026-04-03,17.35,28,0.07671232876712329,294.4599914550781,1.0357943654512733,0.9000000000000021,0.05187319884726237,2,0.03516863518910593,short,0.3556690217117975,itm,False,calibration,0.34971678990472627,17.034702668820273,-0.6122814853450461,17.143375675044133,-0.6183639891802031,16.77688496082489,0.10867300622386011,-0.2578177079953825
GOOG260501P00310000,2026-04-02 15:38:01,310.0,21.0,19.75,21.2,1.0499992,5.263154,1.0,105,0.3487613952636719,True,REGULAR,USD,put,GOOG,2026-05-01,2026-04-03,20.475,28,0.07671232876712329,294.4599914550781,1.0527746009504746,1.4499999999999993,0.07081807081807077,1,0.05142915606088628,short,0.34761643288856403,itm,True,oos,0.3438585683115904,20.249920515680827,-0.6781391643626907,20.37764575575392,-0.6865443279852372,20.107071482553064,0.12772524007309372,-0.14284903312776365
GOOG260501P00315000,2026-04-02 19:53:44,315.0,24.6,22.7,26.35,-0.45999908,-1.835591,1.0,29,0.4002135174560547,True,REGULAR,USD,put,GOOG,2026-05-01,2026-04-03,24.525,28,0.07671232876712329,294.4599914550781,1.0697548364496756,3.650000000000002,0.14882772680937828,1,0.06742949740732725,short,0.35850546316285437,itm,True,oos,0.3388083616009722,23.801714288713413,-0.7393399507927604,23.960538275338646,-0.7452670683706072,23.838836409770348,0.158823986625233,0.03712212105693524
GOOG260501P00320000,2026-04-01 13:58:15,320.0,28.69,26.35,30.35,0.0,0.0,6.0,180,0.40680524841308596,True,REGULAR,USD,put,GOOG,2026-05-01,2026-04-03,28.35,28,0.07671232876712329,294.4599914550781,1.0867350719488769,4.0,0.14109347442680775,2,0.08317785437546646,short,0.35697488640830705,itm,True,oos,0.33451810666019816,27.65735683309714,-0.7940933753762207,27.87182580267938,-0.8013897179308626,27.84426881878855,0.2144689695822386,0.18691198569140965
GOOG260501P00325000,2026-04-01 16:29:16,325.0,31.0,30.95,34.0,0.0,0.0,25.0,432,0.39148557739257805,True,REGULAR,USD,put,GOOG,2026-05-01,2026-04-03,32.475,28,0.07671232876712329,294.4599914550781,1.103715307448078,3.0500000000000007,0.09391839876828331,2,0.09868204091143175,short,0.352084403266597,itm,True,oos,0.3309309346192896,31.776165490636146,-0.8412853864509804,32.04410322125862,-0.8530654754917312,32.05533495399661,0.26793773062247084,0.2791694633604678
GOOG260501P00330000,2026-04-02 13:30:00,330.0,41.5,35.65,38.4,6.0,16.901407,3.0,6,0.39978627563476565,True,REGULAR,USD,put,GOOG,2026-05-01,2026-04-03,37.025,28,0.07671232876712329,294.4599914550781,1.1206955429472794,2.75,0.07427413909520594,1,0.11394951304222022,short,0.3657113739169676,itm,True,oos,0.3279837532742909,36.11397635939471,-0.8805269551577607,36.43984019259766,-0.8945357965607151,36.54192738212325,0.3258638332029449,0.4279510227285357
GOOG260501P00335000,2026-03-31 13:41:42,335.0,56.75,39.65,43.5,0.0,0.0,1.0,1,0.4381159704589844,True,REGULAR,USD,put,GOOG,2026-05-01,2026-04-03,41.575,28,0.07671232876712329,294.4599914550781,1.1376757784464806,3.8500000000000014,0.09260372820204453,3,0.12898739040676077,short,0.3668629757265436,itm,True,oos,0.3256113720906389,40.62730693411385,-0.9120696289208978,41.028332736685186,-0.9268956389802552,41.19657557598779,0.4010258025713398,0.5692686418739399
GOOG260618C00255000,2026-04-02 16:07:08,255.0,46.15,45.3,48.55,-1.75,-3.6534448,10.0,2678,0.4743094561767578,True,REGULAR,USD,call,GOOG,2026-06-18,2026-04-03,46.925,76,0.20821917808219179,294.4599914550781,0.8659920104592612,3.25,0.06925945657964838,1,-0.14387959625987967,medium,0.39553403364778567,itm,True,oos,0.40159803330017213,47.13700399568404,0.8209316460100877,47.151106006076525,0.8190122671902513,46.16508778150367,0.014102010392484488,-0.9719162141803679
GOOG260618C00260000,2026-04-02 19:18:56,260.0,42.6,42.85,44.05,-0.12000275,-0.2809053,1.0,1797,0.45001770690917964,True,REGULAR,USD,call,GOOG,2026-06-18,2026-04-03,43.45,76,0.20821917808219179,294.4599914550781,0.8829722459584625,1.1999999999999957,0.02761795166858448,1,-0.12446151040277803,medium,0.40279798957552265,itm,True,oos,0.39397019820494233,43.11137201418623,0.7953664317216749,43.104324369013725,0.7936731778523275,42.17211160180872,-0.007047645172505668,-0.9392604123775072
GOOG260618C00265000,2026-04-01 18:18:06,265.0,39.85,39.0,40.0,0.0,0.0,7.0,573,0.4348201049804688,True,REGULAR,USD,call,GOOG,2026-06-18,2026-04-03,39.5,76,0.20821917808219179,294.4599914550781,0.8999524814576637,1.0,0.02531645569620253,2,-0.1054133154320835,medium,0.3933940157262326,itm,True,oos,0.38662570633602683,39.22098781574283,0.7671540241736318,39.226272702467675,0.7691405366791095,38.29011135906836,0.005284886724844284,-0.9308764566744685
GOOG260618C00270000,2026-04-01 18:18:01,270.0,36.1,34.75,35.7,0.0,0.0,33.0,1048,0.4120847366333008,True,REGULAR,USD,call,GOOG,2026-06-18,2026-04-03,35.225,76,0.20821917808219179,294.4599914550781,0.9169327169568648,0.9500000000000028,0.026969481902058275,2,-0.08672118241993103,medium,0.37374397348664246,itm,True,oos,0.3795930132934535,35.48121146818369,0.7362635890921537,35.500350633393175,0.7344001686716084,34.47770555853409,0.019139165209487885,-1.003505909649597
GOOG260618C00275000,2026-04-02 13:43:19,275.0,31.3,29.95,32.9,-1.3500023,-4.1347694,5.0,681,0.4186154330444336,True,REGULAR,USD,call,GOOG,2026-06-18,2026-04-03,31.424999999999997,76,0.20821917808219179,294.4599914550781,0.9339129524560661,2.9499999999999993,0.09387430389817024,1,-0.06837204375173445,medium,0.3624965039852557,itm,True,oos,0.37290077567995933,31.90770375266831,0.7027379597351397,31.908520592298096,0.7007454008727212,30.966385399698577,0.000816839629784738,-0.9413183529697342
GOOG260618C00280000,2026-04-02 18:47:38,280.0,28.1,26.95,29.55,-1.5,-5.0675673,20.0,3997,0.41013163116455076,True,REGULAR,USD,call,GOOG,2026-06-18,2026-04-03,28.25,76,0.20821917808219179,294.4599914550781,0.9508931879552672,2.6000000000000014,0.09203539823008855,1,-0.0503535382490562,medium,0.3611293655392122,itm,True,oos,0.3665770221299286,28.515904516865845,0.6667092159478267,28.51277381204821,0.667573833480695,27.59186258475015,-0.0031307048176358876,-0.9240419321156956
GOOG260618C00285000,2026-04-02 18:29:14,285.0,24.95,25.0,26.4,-0.8499985,-3.2945678,5.0,938,0.4024717956542969,True,REGULAR,USD,call,GOOG,2026-06-18,2026-04-03,25.7,76,0.20821917808219179,294.4599914550781,0.9678734234544685,1.3999999999999986,0.05447470817120617,1,-0.032653961149655235,medium,0.3681164887731475,itm,False,calibration,0.3606471288751467,25.320332615168127,0.6284110586220357,25.341166642438928,0.6318093916665076,25.166397644047,0.020834027270801414,-0.15393497112112797
GOOG260618C00290000,2026-04-02 19:57:42,290.0,22.3,22.15,22.45,-1.0500011,-4.496793,248.0,1598,0.3765626309204102,True,REGULAR,USD,call,GOOG,2026-06-18,2026-04-03,22.299999999999997,76,0.20821917808219179,294.4599914550781,0.9848536589536697,0.3000000000000007,0.013452914798206312,1,-0.015262218437786003,medium,0.3544856029634733,itm,False,calibration,0.3551327292517871,22.333837150911705,0.5881843508119012,22.351931796669355,0.5853688805126015,22.181446702164777,0.01809464575764963,-0.1523904487469281
GOOG260618C00295000,2026-04-02 19:39:10,295.0,19.12,19.35,19.7,-0.8299999,-4.1604004,254.0,1230,0.3701540036010742,False,REGULAR,USD,call,GOOG,2026-06-18,2026-04-03,19.525,76,0.20821917808219179,294.4599914550781,1.0018338944528709,0.34999999999999787,0.017925736235595284,1,0.0018322149215140434,medium,0.3492650838086464,atm,False,calibration,0.35004980923097107,19.56677886976226,0.5464737303215893,19.557282206213287,0.545827606110134,19.358217911469843,-0.009496663548972606,-0.2085609582924164
GOOG260618C00300000,2026-04-02 19:21:52,300.0,17.0,16.85,17.15,-0.77000046,-4.333148,749.0,6233,0.3638674453735352,False,REGULAR,USD,call,GOOG,2026-06-18,2026-04-03,17.0,76,0.20821917808219179,294.4599914550781,1.018814129952072,0.29999999999999716,0.017647058823529245,1,0.018639333237895322,medium,0.3449168922714861,otm,False,calibration,0.3454071676590672,17.02627951894118,0.5038131450956983,17.02824688803277,0.5049381839392861,16.855394631930324,0.0019673690915880115,-0.1708848870108568
GOOG260618C00305000,2026-04-02 19:17:40,305.0,14.56,14.5,15.1,-0.55999947,-3.7037003,46.0,2759,0.3632570999145508,False,REGULAR,USD,call,GOOG,2026-06-18,2026-04-03,14.8,76,0.20821917808219179,294.4599914550781,1.0357943654512733,0.5999999999999996,0.040540540540540515,1,0.03516863518910593,medium,0.342786641835971,otm,False,calibration,0.3412067581882099,14.715716302291753,0.4608008439301659,14.73617315564914,0.46309971145406437,14.373665034969537,0.020456853357387672,-0.3420512673222156
GOOG260618C00310000,2026-04-02 18:34:05,310.0,12.3,12.45,12.85,-0.84000015,-6.392695,185.0,2147,0.35526157440185535,False,REGULAR,USD,call,GOOG,2026-06-18,2026-04-03,12.649999999999999,76,0.20821917808219179,294.4599914550781,1.0527746009504746,0.40000000000000036,0.03162055335968383,1,0.05142915606088628,medium,0.33774059983112786,otm,True,oos,0.3374423432600165,12.634350137786186,0.41806578343664996,12.651789810349353,0.4163784189603109,12.326850483350423,0.017439672563167363,-0.30749965443576244
GOOG260618C00315000,2026-04-02 19:52:39,315.0,10.69,10.6,10.9,-0.4100008,-3.693701,65.0,4342,0.34918863708496095,False,REGULAR,USD,call,GOOG,2026-06-18,2026-04-03,10.75,76,0.20821917808219179,294.4599914550781,1.0697548364496756,0.3000000000000007,0.027906976744186112,1,0.06742949740732725,medium,0.3335641554317083,otm,True,oos,0.334101324574391,10.777393998720754,0.3762302126095177,10.772985662184624,0.37606399914643635,10.512360011022396,-0.004408336536130264,-0.2650339876983576
GOOG260618C00320000,2026-04-02 19:52:38,320.0,9.15,8.95,9.6,-0.25,-2.6595745,109.0,12537,0.3523624334716796,False,REGULAR,USD,call,GOOG,2026-06-18,2026-04-03,9.274999999999999,76,0.20821917808219179,294.4599914550781,1.0867350719488769,0.6500000000000004,0.07008086253369278,1,0.08317785437546646,medium,0.3339932343970937,otm,True,oos,0.3311642690537513,9.136235133021472,0.33587209922325906,9.129330780867571,0.3367269675509474,8.866700324132655,-0.006904352153901172,-0.2695348088888174
GOOG260618C00325000,2026-04-02 17:51:57,325.0,7.5,7.5,8.0,-0.64000034,-7.8624115,51.0,3033,0.3459538061523437,False,REGULAR,USD,call,GOOG,2026-06-18,2026-04-03,7.75,76,0.20821917808219179,294.4599914550781,1.103715307448078,0.5,0.06451612903225806,1,0.09868204091143175,medium,0.3297015074396358,otm,True,oos,0.328607828626469,7.699069583240586,0.2974943302264471,7.711618431668313,0.29877397650476784,7.407274706740949,0.012548848427726966,-0.29179487649963765
GOOG260618C00330000,2026-04-02 19:47:50,330.0,6.23,6.2,6.75,-0.42000008,-6.3157907,262.0,6613,0.34339035522460937,False,REGULAR,USD,call,GOOG,2026-06-18,2026-04-03,6.475,76,0.20821917808219179,294.4599914550781,1.1206955429472794,0.5499999999999998,0.08494208494208492,1,0.11394951304222022,medium,0.326940920940085,otm,True,oos,0.3264052168328313,6.451573260327592,0.26150164632776374,6.464021136304646,0.2606209348231247,6.126448488646588,0.012447875977053435,-0.3251247716810042
GOOG260618C00335000,2026-04-02 16:38:37,335.0,5.35,5.2,5.45,-0.3000002,-5.3097377,161.0,3052,0.33576103698730464,False,REGULAR,USD,call,GOOG,2026-06-18,2026-04-03,5.325,76,0.20821917808219179,294.4599914550781,1.1376757784464806,0.25,0.046948356807511735,1,0.12898739040676077,medium,0.3232283743783793,otm,True,oos,0.3245277097008993,5.37770741375185,0.22818848085278426,5.373664156348688,0.228411144787434,5.080951696553599,-0.004043257403161249,-0.2967557171982511
GOOG260618P00255000,2026-04-02 19:11:01,255.0,5.9,5.65,5.85,0.32000017,5.73477,62.0,4872,0.3899597137451172,False,REGULAR,USD,put,GOOG,2026-06-18,2026-04-03,5.75,76,0.20821917808219179,294.4599914550781,0.8659920104592612,0.1999999999999993,0.03478260869565205,1,-0.14387959625987967,medium,0.40099371709496406,otm,True,oos,0.40159803330017213,5.714743959669789,-0.17906835398991228,5.762253826250479,-0.18199668438448188,5.61536623528124,0.047509866580689675,-0.09937772438854964
GOOG260618P00260000,2026-04-02 19:47:50,260.0,6.84,6.6,7.0,-0.009999752,-0.14598179,136.0,9676,0.3867859173583984,False,REGULAR,USD,put,GOOG,2026-06-18,2026-04-03,6.8,76,0.20821917808219179,294.4599914550781,0.8829722459584625,0.40000000000000036,0.05882352941176476,1,-0.12446151040277803,medium,0.39514348339006805,otm,True,oos,0.39397019820494233,6.650636123643842,-0.20463356827832513,6.686247397103069,-0.20795120454065147,6.5605210240116145,0.0356112734592271,-0.09011509963222775
GOOG260618P00265000,2026-04-02 16:09:12,265.0,7.91,7.65,8.0,-0.03999996,-0.5031442,105.0,2940,0.37641004455566407,False,REGULAR,USD,put,GOOG,2026-06-18,2026-04-03,7.825,76,0.20821917808219179,294.4599914550781,0.8999524814576637,0.34999999999999964,0.04472843450479229,1,-0.1054133154320835,medium,0.38865952770841106,otm,True,oos,0.38662570633602683,7.7217760706723055,-0.23284597582636823,7.777392468422489,-0.2329634059067016,7.644068259541345,0.055616397750183566,-0.07770781113096081
GOOG260618P00270000,2026-04-02 18:30:09,270.0,9.3,8.75,9.25,0.10000038,1.0869608,82.0,4557,0.368719691772461,False,REGULAR,USD,put,GOOG,2026-06-18,2026-04-03,9.0,76,0.20821917808219179,294.4599914550781,0.9169327169568648,0.5,0.05555555555555555,1,-0.08672118241993103,medium,0.3785813641686772,otm,True,oos,0.3795930132934535,8.94352386858499,-0.2637364109078463,9.025041317474207,-0.26758314112700293,8.926495318352329,0.08151744888921719,-0.017028550232661033
GOOG260618P00275000,2026-04-02 18:30:34,275.0,10.75,10.1,10.65,0.32999992,3.166986,40.0,4599,0.36093778717041014,False,REGULAR,USD,put,GOOG,2026-06-18,2026-04-03,10.375,76,0.20821917808219179,294.4599914550781,0.9339129524560661,0.5500000000000007,0.05301204819277115,1,-0.06837204375173445,medium,0.37047457990285393,otm,True,oos,0.37290077567995933,10.33154029854144,-0.29726204026486025,10.410686199258866,-0.302107626778806,10.271681398580766,0.07914590071742467,-0.05985889996067506
GOOG260618P00280000,2026-04-02 19:49:19,280.0,12.22,11.7,12.25,0.32999992,2.7754407,64.0,4938,0.3537662280273437,False,REGULAR,USD,put,GOOG,2026-06-18,2026-04-03,11.975,76,0.20821917808219179,294.4599914550781,0.9508931879552672,0.5500000000000007,0.04592901878914411,1,-0.0503535382490562,medium,0.3670966792752757,otm,True,oos,0.3665770221299286,11.90126520821083,-0.3332907840521733,11.99219990287865,-0.3360316256246695,11.874472812058865,0.09093469466781912,-0.026792396151964937
GOOG260618P00285000,2026-04-02 19:49:19,285.0,14.12,13.6,14.05,0.47000027,3.4432254,59.0,2396,0.3469303588867187,False,REGULAR,USD,put,GOOG,2026-06-18,2026-04-03,13.825,76,0.20821917808219179,294.4599914550781,0.9678734234544685,0.45000000000000107,0.032549728752260476,1,-0.032653961149655235,medium,0.3600859169030695,otm,False,calibration,0.3606471288751467,13.66721745198494,-0.3715889413779643,13.802403899486832,-0.37264965493143376,13.71257096949665,0.13518644750189246,0.04535351751171035
GOOG260618P00290000,2026-04-02 19:31:32,290.0,16.1,15.45,16.05,0.4100008,2.6131344,97.0,4792,0.34015552429199214,False,REGULAR,USD,put,GOOG,2026-06-18,2026-04-03,15.75,76,0.20821917808219179,294.4599914550781,0.9848536589536697,0.6000000000000014,0.03809523809523819,1,-0.015262218437786003,medium,0.3531193846901583,otm,False,calibration,0.3551327292517871,15.642246133200317,-0.41181564918809876,15.80121406606854,-0.4194719660274144,15.707325466861015,0.15896793286822408,0.06507933366069807
GOOG260618P00295000,2026-04-02 18:20:08,295.0,18.35,17.75,18.5,0.55000114,3.089894,9.0,1658,0.33792776336669916,True,REGULAR,USD,put,GOOG,2026-06-18,2026-04-03,18.125,76,0.20821917808219179,294.4599914550781,1.0018338944528709,0.75,0.041379310344827586,1,0.0018322149215140434,medium,0.35308163659637576,atm,False,calibration,0.35004980923097107,17.83671199752277,-0.4535262696784107,18.00096459164917,-0.46016770845489025,17.8291511007452,0.16425259412639903,-0.007560896777569326
GOOG260618P00300000,2026-04-02 18:41:24,300.0,20.85,20.2,20.85,0.14999962,0.72463584,29.0,2180,0.3298712033081054,True,REGULAR,USD,put,GOOG,2026-06-18,2026-04-03,20.525,76,0.20821917808219179,294.4599914550781,1.018814129952072,0.6500000000000021,0.03166869671132776,1,0.018639333237895322,medium,0.3447986198985149,itm,False,calibration,0.3454071676590672,20.257736792173546,-0.4961868549043017,20.46615833519624,-0.502305927343167,20.093284253916487,0.20842154302269478,-0.1644525382570592
GOOG260618P00305000,2026-04-02 13:33:50,305.0,25.6,22.55,23.45,3.8700008,17.809484,21.0,1017,0.32236395416259755,True,REGULAR,USD,put,GOOG,2026-06-18,2026-04-03,23.0,76,0.20821917808219179,294.4599914550781,1.0357943654512733,0.8999999999999986,0.039130434782608636,1,0.03516863518910593,medium,0.3377901216144626,itm,False,calibration,0.3412067581882099,22.908697720995946,-0.5391991560698342,23.176896424609826,-0.5455430442795706,22.758579858699292,0.26819870361388,-0.15011786229665347
GOOG260618P00310000,2026-04-02 16:04:01,310.0,27.15,25.7,27.05,2.8500004,11.728397,36.0,3691,0.3297796514892578,True,REGULAR,USD,put,GOOG,2026-06-18,2026-04-03,26.375,76,0.20821917808219179,294.4599914550781,1.0527746009504746,1.3500000000000014,0.051184834123222805,1,0.05142915606088628,medium,0.34257141446535566,itm,True,oos,0.3374423432600165,25.788855701962177,-0.5819342165633501,26.10477834922552,-0.5932424608078799,25.64045764072919,0.31592264726334207,-0.1483980612329887
GOOG260618P00315000,2026-04-01 13:44:52,315.0,29.16,28.6,29.8,-0.69000053,-2.3115597,2.0,911,0.3168098104858398,True,REGULAR,USD,put,GOOG,2026-06-18,2026-04-03,29.200000000000003,76,0.20821917808219179,294.4599914550781,1.0697548364496756,1.1999999999999993,0.041095890410958874,2,0.06742949740732725,medium,0.33158726875464556,itm,True,oos,0.334101324574391,28.89342370836863,-0.6237697873904823,29.24807136959503,-0.6353327638051789,28.87723466685561,0.35464766122640157,-0.016189041513019475
GOOG260618P00320000,2026-04-01 13:59:29,320.0,32.71,32.1,33.75,0.0,0.0,9.0,4400,0.32388981781005854,True,REGULAR,USD,put,GOOG,2026-06-18,2026-04-03,32.925,76,0.20821917808219179,294.4599914550781,1.0867350719488769,1.6499999999999986,0.050113895216400875,2,0.08317785437546646,medium,0.33769469012868614,itm,True,oos,0.3311642690537513,32.213788988141204,-0.6641279007767409,32.63020152514016,-0.6765748569743899,32.37083048239027,0.41641253699895486,0.15704149424906433
GOOG260618P00325000,2026-04-01 14:13:28,325.0,36.55,35.7,36.55,0.0,0.0,9.0,2075,0.30225307128906254,True,REGULAR,USD,put,GOOG,2026-06-18,2026-04-03,36.125,76,0.20821917808219179,294.4599914550781,1.103715307448078,0.8499999999999943,0.023529411764705726,2,0.09868204091143175,medium,0.3248801715494783,itm,True,oos,0.328607828626469,35.73814758383213,-0.7025056697735529,36.24658437574433,-0.7165964149387725,36.09053019245285,0.5084367919121959,0.35238260862072224
GOOG260618P00330000,2026-04-01 16:48:09,330.0,42.65,39.1,40.75,4.8600006,12.860547,10.0,1317,0.3073799731445312,True,REGULAR,USD,put,GOOG,2026-06-18,2026-04-03,39.925,76,0.20821917808219179,294.4599914550781,1.1206955429472794,1.6499999999999986,0.04132748904195363,2,0.11394951304222022,medium,0.32305335522583256,itm,True,oos,0.3264052168328313,39.45217540639098,-0.7384983536722363,40.04629890787987,-0.7564961345670655,40.044752347345074,0.5941235014888946,0.5925769409540962
GOOG260618P00335000,2026-04-01 14:00:42,335.0,44.23,43.65,44.85,0.0,0.0,2.0,663,0.3068306622314453,True,REGULAR,USD,put,GOOG,2026-06-18,2026-04-03,44.25,76,0.20821917808219179,294.4599914550781,1.1376757784464806,1.2000000000000028,0.027118644067796675,2,0.12898739040676077,medium,0.331795795972634,itm,True,oos,0.3245277097008993,43.339833705287106,-0.7718115191472157,44.01677227924673,-0.7911639752195668,44.077898985021974,0.6769385739596245,0.7380652797348688
GOOG260918C00255000,2026-04-02 15:00:09,255.0,55.0,54.45,56.45,9.970001,22.140799,2.0,541,0.4453485641479492,True,REGULAR,USD,call,GOOG,2026-09-18,2026-04-03,55.45,168,0.4602739726027397,294.4599914550781,0.8659920104592612,2.0,0.03606853020739405,1,-0.14387959625987967,long,0.38614609821919377,itm,True,oos,0.386119109782764,55.44837081145178,0.7719895204801781,55.441185398422654,0.7672768878844745,53.602984957378844,-0.007185413029127119,-1.845385854072937
GOOG260918C00260000,2026-04-01 19:09:49,260.0,52.61,51.35,52.75,0.0,0.0,2.0,458,0.4361628649902344,True,REGULAR,USD,call,GOOG,2026-09-18,2026-04-03,52.05,168,0.4602739726027397,294.4599914550781,0.8829722459584625,1.3999999999999986,0.026897214217098918,2,-0.12446151040277803,long,0.3846413750629474,itm,True,oos,0.3809030182737461,51.81274123157732,0.7507708181287013,51.8385116619091,0.7550090343886697,50.15652053501313,0.02577043033178228,-1.6562206965641906
GOOG260918C00265000,2026-04-02 15:22:10,265.0,48.2,46.5,49.45,0.20000076,0.41666827,2.0,335,0.43149372222900395,True,REGULAR,USD,call,GOOG,2026-09-18,2026-04-03,47.975,168,0.4602739726027397,294.4599914550781,0.8999524814576637,2.950000000000003,0.06149035956227208,1,-0.1054133154320835,long,0.3710953305472559,itm,True,oos,0.37592007138181455,48.29422292540633,0.7283396969780802,48.279701445828195,0.7249738862711366,46.87453597479109,-0.014521479578135654,-1.4196869506152439
GOOG260918C00270000,2026-04-02 17:21:28,270.0,44.95,44.35,46.1,0.4300003,0.9658587,17.0,711,0.4246883703613281,True,REGULAR,USD,call,GOOG,2026-09-18,2026-04-03,45.225,168,0.4602739726027397,294.4599914550781,0.9169327169568648,1.75,0.038695411829740185,1,-0.08672118241993103,long,0.3758884777089383,itm,True,oos,0.3711862590489497,44.9004424906112,0.7047432812062003,44.93013626811056,0.7079421065166835,43.78519033337078,0.029693777499360863,-1.1152521572404197
GOOG260918C00275000,2026-04-02 18:07:53,275.0,41.59,40.0,42.75,0.59000015,1.4390248,8.0,905,0.4165707757568359,True,REGULAR,USD,call,GOOG,2026-09-18,2026-04-03,41.375,168,0.4602739726027397,294.4599914550781,0.9339129524560661,2.75,0.06646525679758308,1,-0.06837204375173445,long,0.3630227186804754,itm,True,oos,0.366716696861242,41.638744015898425,0.6800530475204225,41.61949767325023,0.6775108965951308,41.30091254287066,-0.019246342648195025,-0.3378314730277623
GOOG260918C00280000,2026-04-01 17:08:05,280.0,35.0,37.9,39.5,-5.6500015,-13.899141,5.0,559,0.408483698425293,True,REGULAR,USD,call,GOOG,2026-09-18,2026-04-03,38.7,168,0.4602739726027397,294.4599914550781,0.9508931879552672,1.6000000000000014,0.04134366925064603,2,-0.0503535382490562,long,0.3650231472528671,itm,True,oos,0.3625251391484123,38.51597377072815,0.6543661831387952,38.54807070677555,0.6571476731321558,38.19402530265031,0.032096936047395275,-0.32194846807784216
GOOG260918C00285000,2026-04-02 19:21:31,285.0,35.6,34.15,35.8,0.099998474,0.28168586,10.0,328,0.39322506195068363,True,REGULAR,USD,call,GOOG,2026-09-18,2026-04-03,34.974999999999994,168,0.4602739726027397,294.4599914550781,0.9678734234544685,1.6499999999999986,0.047176554681915624,1,-0.032653961149655235,long,0.3511681415607787,itm,False,calibration,0.3586227730269132,35.53819686318593,0.6278058380685311,35.517229431337334,0.6256052286998,35.17903769474504,-0.020967431848596618,-0.3591591684408897
GOOG260918C00290000,2026-04-02 19:50:00,290.0,32.6,32.55,32.95,-0.6000023,-1.8072357,7.0,2573,0.3876404010009765,True,REGULAR,USD,call,GOOG,2026-09-18,2026-04-03,32.75,168,0.4602739726027397,294.4599914550781,0.9848536589536697,0.4000000000000057,0.01221374045801544,1,-0.015262218437786003,long,0.3555302057206153,itm,False,calibration,0.35501776709435007,32.710463194894174,0.6005196408818344,32.74365750141521,0.6034342741418749,32.191165342833514,0.0331943065210325,-0.5192978520606601
GOOG260918C00295000,2026-04-02 19:54:10,295.0,30.1,29.9,30.3,-0.69999886,-2.2727237,12.0,472,0.3830933273315429,False,REGULAR,USD,call,GOOG,2026-09-18,2026-04-03,30.1,168,0.4602739726027397,294.4599914550781,1.0018338944528709,0.40000000000000213,0.013289036544850568,1,0.0018322149215140434,long,0.3525239359366055,atm,False,calibration,0.351714350561343,30.036552462356696,0.572676588011424,30.01594317256133,0.5705195296598646,29.65616531351072,-0.020609289795366692,-0.38038714884597624
GOOG260918C00300000,2026-04-02 19:57:28,300.0,27.6,27.4,27.7,-0.29999924,-1.0752661,59.0,1196,0.3776154768371582,False,REGULAR,USD,call,GOOG,2026-09-18,2026-04-03,27.549999999999997,168,0.4602739726027397,294.4599914550781,1.018814129952072,0.3000000000000007,0.010889292196007287,1,0.018639333237895322,long,0.34910648455167886,otm,False,calibration,0.3487121957687563,27.518771787751234,0.5444621725628088,27.551873738421442,0.5477679344231271,27.193196844607375,0.033101950670207714,-0.3255749431438595
GOOG260918C00305000,2026-04-02 19:34:35,305.0,24.8,24.65,25.5,-1.1500015,-4.431605,121.0,1514,0.3756013368225098,False,REGULAR,USD,call,GOOG,2026-09-18,2026-04-03,25.075,168,0.4602739726027397,294.4599914550781,1.0357943654512733,0.8500000000000014,0.03389830508474582,1,0.03516863518910593,long,0.34496602832241535,otm,False,calibration,0.3460070010910147,25.157896539610704,0.5160722946794465,25.137949957280725,0.5139334466420725,24.5005574949756,-0.019946582329978924,-0.6573390446351048
GOOG260918C00310000,2026-04-02 19:27:57,310.0,22.83,22.8,23.1,-0.5699997,-2.4358962,37.0,1181,0.3695283995056152,False,REGULAR,USD,call,GOOG,2026-09-18,2026-04-03,22.950000000000003,168,0.4602739726027397,294.4599914550781,1.0527746009504746,0.3000000000000007,0.013071895424836631,1,0.05142915606088628,long,0.3435512516571776,otm,True,oos,0.3435899119167421,22.953079660662922,0.4877062942249189,22.98512022845062,0.4912202298603199,22.617795316432534,0.03204056778769626,-0.3352843442303879
GOOG260918C00315000,2026-04-02 18:57:05,315.0,20.9,20.55,21.4,-0.80000114,-3.6866412,42.0,577,0.37070331451416016,False,REGULAR,USD,call,GOOG,2026-09-18,2026-04-03,20.975,168,0.4602739726027397,294.4599914550781,1.0697548364496756,0.8499999999999979,0.04052443384982111,1,0.06742949740732725,long,0.3423698232609172,otm,True,oos,0.34144887516550754,20.901976859991166,0.4595601353482112,20.881084749567954,0.45769567715116866,20.415523525451693,-0.020892110423211818,-0.4864533345394726
GOOG260918C00320000,2026-04-02 19:26:39,320.0,18.7,18.75,19.15,-0.69999886,-3.6082416,41.0,1661,0.36340968627929693,False,REGULAR,USD,call,GOOG,2026-09-18,2026-04-03,18.95,168,0.4602739726027397,294.4599914550781,1.0867350719488769,0.3999999999999986,0.021108179419524992,1,0.08317785437546646,long,0.33892142425450117,otm,True,oos,0.3395684142007935,19.000805244431305,0.43181971314654993,19.03113315786404,0.4349083164690311,18.538250696266,0.030327913432735443,-0.46255454816530417
GOOG260918C00325000,2026-04-02 19:05:26,325.0,17.15,17.0,18.05,-0.17000008,-0.9815247,130.0,805,0.3693452958679199,False,REGULAR,USD,call,GOOG,2026-09-18,2026-04-03,17.525,168,0.4602739726027397,294.4599914550781,1.103715307448078,1.0500000000000007,0.05991440798858778,1,0.09868204091143175,long,0.34155136784727536,otm,True,oos,0.33793144175773143,17.244611512828726,0.40465581603796635,17.219610226986436,0.40353522035559836,16.789040299432727,-0.02500128584228989,-0.4555712133959986
GOOG260918C00330000,2026-04-02 17:35:47,330.0,15.6,15.2,16.0,-0.54999924,-3.4055681,205.0,2014,0.36151761535644533,False,REGULAR,USD,call,GOOG,2026-09-18,2026-04-03,15.6,168,0.4602739726027397,294.4599914550781,1.1206955429472794,0.8000000000000007,0.05128205128205133,1,0.11394951304222022,long,0.3361581012807612,otm,True,oos,0.3365194620858285,15.627444626384232,0.3782199063866737,15.65551217079203,0.3799317193123088,15.158347951027716,0.02806754440779713,-0.469096675356516
GOOG260918C00335000,2026-04-02 17:00:28,335.0,13.85,13.8,14.35,-1.3799992,-9.061059,20.0,814,0.35736726623535153,False,REGULAR,USD,call,GOOG,2026-09-18,2026-04-03,14.075,168,0.4602739726027397,294.4599914550781,1.1376757784464806,0.5499999999999989,0.039076376554173994,1,0.12898739040676077,long,0.33440208041426744,otm,True,oos,0.33531337817526663,14.142594260504325,0.352641535341909,14.109219906130665,0.35282622343952025,13.658212668642692,-0.03337435437365954,-0.48438159186163254
GOOG260918P00255000,2026-04-02 19:17:37,255.0,11.95,11.5,12.15,0.25,2.1367521,7.0,1531,0.37030658996582033,False,REGULAR,USD,put,GOOG,2026-09-18,2026-04-03,11.825,168,0.4602739726027397,294.4599914550781,0.8659920104592612,0.6500000000000004,0.054968287526427094,1,-0.14387959625987967,long,0.38716815097680873,otm,True,oos,0.386119109782764,11.670925129582287,-0.2280104795198219,11.803645546283496,-0.2362649701757351,11.659801177798109,0.1327204167012095,-0.011123951784178132
GOOG260918P00260000,2026-04-02 18:29:56,260.0,13.2,12.65,13.6,0.3000002,2.325583,61.0,1506,0.3663393444824219,False,REGULAR,USD,put,GOOG,2026-09-18,2026-04-03,13.125,168,0.4602739726027397,294.4599914550781,0.8829722459584625,0.9499999999999993,0.07238095238095232,1,-0.12446151040277803,long,0.3797877682652228,otm,True,oos,0.3809030182737461,12.950639584476619,-0.24922918187129872,13.133937134346448,-0.2488449171682789,12.885796521566302,0.18329754986982927,-0.06484306291031672
GOOG260918P00265000,2026-04-02 18:40:43,265.0,14.6,14.3,14.8,0.3000002,2.0979035,637.0,1081,0.3570010589599609,False,REGULAR,USD,put,GOOG,2026-09-18,2026-04-03,14.55,168,0.4602739726027397,294.4599914550781,0.8999524814576637,0.5,0.034364261168384876,1,-0.1054133154320835,long,0.37440955177897456,otm,True,oos,0.37592007138181455,14.347465313074437,-0.2716603030219198,14.521284474045128,-0.27981587571591787,14.399220119102571,0.17381916097069094,0.05175480602813387
GOOG260918P00270000,2026-04-02 18:55:53,270.0,16.4,15.55,16.75,0.4499998,2.8213155,250.0,1897,0.3568637312316894,False,REGULAR,USD,put,GOOG,2026-09-18,2026-04-03,16.15,168,0.4602739726027397,294.4599914550781,0.9169327169568648,1.1999999999999993,0.07430340557275537,1,-0.08672118241993103,long,0.37163020515573114,otm,True,oos,0.3711862590489497,15.869028913048098,-0.29525671879379967,16.110357617574973,-0.2970724707458811,15.899803407780613,0.24132870452687527,0.03077449473251548
GOOG260918P00275000,2026-04-02 19:11:49,275.0,18.0,17.6,18.3,0.39999962,2.272725,450.0,2230,0.3492801889038085,False,REGULAR,USD,put,GOOG,2026-09-18,2026-04-03,17.950000000000003,168,0.4602739726027397,294.4599914550781,0.9339129524560661,0.6999999999999993,0.03899721448467962,1,-0.06837204375173445,long,0.37012430924440853,otm,True,oos,0.366716696861242,17.522674473104104,-0.3199469524795775,17.754980535693793,-0.32880213840350436,17.675911058457658,0.23230606258968933,0.15323658535355378
GOOG260918P00280000,2026-04-02 17:14:03,280.0,19.7,19.45,19.95,0.35000038,1.8087875,3.0,2730,0.34149828430175777,False,REGULAR,USD,put,GOOG,2026-09-18,2026-04-03,19.7,168,0.4602739726027397,294.4599914550781,0.9508931879552672,0.5,0.025380710659898477,1,-0.0503535382490562,long,0.3625827965168423,otm,True,oos,0.3625251391484123,19.315248262702625,-0.34563381686120476,19.62967707261044,-0.3494429003104489,19.502534936601947,0.31442880990781674,0.1872866738993224
GOOG260918P00285000,2026-04-02 15:52:51,285.0,21.85,21.25,21.9,0.39999962,1.8648001,8.0,791,0.33600517517089845,False,REGULAR,USD,put,GOOG,2026-09-18,2026-04-03,21.575,168,0.4602739726027397,294.4599914550781,0.9678734234544685,0.6499999999999986,0.03012746234067201,1,-0.032653961149655235,long,0.356765405494203,otm,False,calibration,0.3586227730269132,21.252815389929196,-0.3721941619314689,21.56504137393395,-0.3825550991846201,21.42175884278642,0.31222598400475476,0.16894345285722423
GOOG260918P00290000,2026-04-02 18:54:51,290.0,24.15,23.4,23.9,2.0,9.0293455,30.0,1500,0.3294134442138671,False,REGULAR,USD,put,GOOG,2026-09-18,2026-04-03,23.65,168,0.4602739726027397,294.4599914550781,0.9848536589536697,0.5,0.021141649048625793,1,-0.015262218437786003,long,0.35349783512993915,otm,False,calibration,0.35501776709435007,23.340425756406248,-0.3994803591181656,23.74718152392214,-0.4052046400275998,23.492082896752517,0.40675576751589304,0.15165714034626987
GOOG260918P00295000,2026-04-02 18:56:45,295.0,26.5,25.6,26.7,0.30999947,1.1836559,4.0,592,0.33112241149902344,True,REGULAR,USD,put,GOOG,2026-09-18,2026-04-03,26.15,168,0.4602739726027397,294.4599914550781,1.0018338944528709,1.0999999999999979,0.04206500956022936,1,0.0018322149215140434,long,0.3543425665871515,atm,False,calibration,0.351714350561343,25.581859058637548,-0.42732341198857604,25.99856178705868,-0.4398677585575971,25.466614840751138,0.4167027284211322,-0.11524421788640993
GOOG260918P00300000,2026-04-02 17:52:01,300.0,28.95,28.15,28.6,0.75,2.6595743,4.0,3555,0.3196936927795409,True,REGULAR,USD,put,GOOG,2026-09-18,2026-04-03,28.375,168,0.4602739726027397,294.4599914550781,1.018814129952072,0.45000000000000284,0.015859030837004507,1,0.018639333237895322,long,0.34622256522579237,itm,False,calibration,0.3487121957687563,27.97942241880088,-0.4555378274371912,28.502012494003914,-0.4634339788813365,27.97763267564567,0.5225900752030341,-0.0017897431552107435
GOOG260918P00305000,2026-04-02 19:05:26,305.0,31.55,30.85,31.85,2.2699986,7.752727,21.0,605,0.3233405068969726,True,REGULAR,USD,put,GOOG,2026-09-18,2026-04-03,31.35,168,0.4602739726027397,294.4599914550781,1.0357943654512733,1.0,0.03189792663476874,1,0.03516863518910593,long,0.3475087148606188,itm,False,calibration,0.3460070010910147,30.533891205429114,-0.4839277053205535,31.08210075342503,-0.4991229563801948,30.532615878861098,0.548209547995917,-0.0012753265680167658
GOOG260918P00310000,2026-04-01 18:39:45,310.0,33.75,33.4,34.0,0.0,0.0,32.0,2290,0.31131670135498035,True,REGULAR,USD,put,GOOG,2026-09-18,2026-04-03,33.7,168,0.4602739726027397,294.4599914550781,1.0527746009504746,0.6000000000000014,0.017804154302670665,2,0.05142915606088628,long,0.3407248928490842,itm,True,oos,0.3435899119167421,33.24441836125024,-0.5122937057750812,33.9106453602552,-0.5230329155778727,33.37632437704676,0.6662269990049623,0.13190601579651684
GOOG260918P00315000,2026-04-02 19:24:47,315.0,37.25,36.25,36.95,2.4500008,7.0402327,10.0,461,0.3074715249633788,True,REGULAR,USD,put,GOOG,2026-09-18,2026-04-03,36.6,168,0.4602739726027397,294.4599914550781,1.0697548364496756,0.7000000000000028,0.019125683060109366,1,0.06742949740732725,long,0.3392004284063213,itm,True,oos,0.34144887516550754,36.108659595347234,-0.5404398646517887,36.817615910045994,-0.5585306468709649,36.23154898718442,0.7089563146987601,0.12288939183718384
GOOG260918P00320000,2026-04-02 18:40:01,320.0,40.48,39.25,41.05,-3.959999,-8.91089,416.0,388,0.3166572241210937,True,REGULAR,USD,put,GOOG,2026-09-18,2026-04-03,40.15,168,0.4602739726027397,294.4599914550781,1.0867350719488769,1.7999999999999972,0.044831880448318734,1,0.08317785437546646,long,0.34120335982350775,itm,True,oos,0.3395684142007935,39.12283201455617,-0.56818028685345,39.964596800495926,-0.582791056691174,39.40845114995875,0.841764785939759,0.2856191354025839
GOOG260918P00325000,2026-04-02 19:06:20,325.0,43.25,42.5,43.8,1.0200005,2.4153457,8.0,731,0.30654074813842774,True,REGULAR,USD,put,GOOG,2026-09-18,2026-04-03,43.15,168,0.4602739726027397,294.4599914550781,1.103715307448078,1.2999999999999972,0.03012746234067201,1,0.09868204091143175,long,0.3357310816385205,itm,True,oos,0.33793144175773143,42.281982317722424,-0.5953441839620337,43.18324494561561,-0.6164375871697,42.88250558607996,0.901262627893189,0.6005232683575343
GOOG260918P00330000,2026-03-31 19:18:20,330.0,51.47,45.8,48.05,0.0,0.0,5.0,24067,0.31476515319824216,True,REGULAR,USD,put,GOOG,2026-09-18,2026-04-03,46.925,168,0.4602739726027397,294.4599914550781,1.1206955429472794,2.25,0.04794885455514119,3,0.11394951304222022,long,0.3400730701945444,itm,True,oos,0.3365194620858285,45.58015946604672,-0.6217800936133263,46.632699369886694,-0.6414849133119814,46.239279753595156,1.0525399038399712,0.6591202875484328
GOOG270319C00255000,2026-03-31 14:22:01,255.0,57.65,66.9,68.6,0.0,0.0,1.0,34,0.4338435522460938,True,REGULAR,USD,call,GOOG,2027-03-19,2026-04-03,67.75,350,0.958904109589041,294.4599914550781,0.8659920104592612,1.6999999999999886,0.02509225092250906,3,-0.14387959625987967,one_year,0.37115459190181843,itm,True,oos,0.37036673682094956,67.67787360930512,0.7505258103667407,67.68743711479843,0.7366975439087159,67.20127838783142,0.009563505493304092,-0.47659522147370126
GOOG270319C00260000,2026-04-01 19:39:02,260.0,65.21,63.7,65.95,0.0,0.0,28.0,52,0.4343776045227051,True,REGULAR,USD,call,GOOG,2027-03-19,2026-04-03,64.825,350,0.958904109589041,294.4599914550781,0.8829722459584625,2.25,0.03470883146934053,2,-0.12446151040277803,one_year,0.3714634240827206,itm,True,oos,0.3650401844010771,64.2168720763039,0.7344852104235691,64.25776842344327,0.7363127946985022,63.715959160336354,0.040896347139366185,-0.5009129159675467
GOOG270319C00265000,2026-03-30 18:39:11,265.0,46.78,60.65,62.25,0.0,0.0,1.0,8,0.42389492126464845,True,REGULAR,USD,call,GOOG,2027-03-19,2026-04-03,61.45,350,0.958904109589041,294.4599914550781,0.8999524814576637,1.6000000000000014,0.026037428803905638,4,-0.1054133154320835,one_year,0.36614132128974075,itm,True,oos,0.3615225399840932,60.999350835964094,0.7174432810595972,60.98674366471958,0.7246700981274062,60.48423234897121,-0.01260717124451105,-0.5151184869928827
GOOG270319C00270000,2026-04-02 17:56:01,270.0,58.48,57.65,60.45,-1.3899994,-2.321696,1.0,80,0.4309596699523926,True,REGULAR,USD,call,GOOG,2027-03-19,2026-04-03,59.05,350,0.958904109589041,294.4599914550781,0.9169327169568648,2.8000000000000043,0.04741744284504665,1,-0.08672118241993103,one_year,0.3698425722893102,itm,True,oos,0.3590570749266377,57.966851404547356,0.699731241810247,57.98988645805651,0.6877118068295923,57.387629493098935,0.02303505350915458,-0.5792219114484212
GOOG270319C00275000,2026-04-02 17:59:11,275.0,55.46,54.75,58.0,5.5099983,11.031027,2.0,113,0.4309138940429688,True,REGULAR,USD,call,GOOG,2027-03-19,2026-04-03,56.375,350,0.958904109589041,294.4599914550781,0.9339129524560661,3.25,0.057649667405764965,1,-0.06837204375173445,one_year,0.3697399381728812,itm,True,oos,0.35724570283004353,55.08805852278442,0.6815553579212155,55.12770781509666,0.6875793226634619,54.47859478861167,0.0396492923122409,-0.6094637341727491
GOOG270319C00280000,2026-04-02 19:47:31,280.0,52.85,50.7,54.95,-1.0600014,-1.9662426,4.0,95,0.42456630126953127,True,REGULAR,USD,call,GOOG,2027-03-19,2026-04-03,52.825,350,0.958904109589041,294.4599914550781,0.9508931879552672,4.25,0.08045433033601514,1,-0.0503535382490562,one_year,0.3604250026810473,itm,True,oos,0.35586508109436343,52.34481505303896,0.6630577494638153,52.305056661733836,0.6644237236762105,51.63096205531176,-0.03975839130512071,-0.7138529977271943
GOOG270319C00285000,2026-04-01 14:12:35,285.0,49.51,49.6,50.8,0.0,0.0,2.0,71,0.4077055079650879,True,REGULAR,USD,call,GOOG,2027-03-19,2026-04-03,50.2,350,0.958904109589041,294.4599914550781,0.9678734234544685,1.1999999999999957,0.023904382470119435,2,-0.032653961149655235,one_year,0.3591976614437798,itm,False,calibration,0.35478146620063317,49.725594250737316,0.6443455844846842,49.76236691174827,0.6357546638337335,48.991922160921,0.03677266101095711,-0.7336720898163165
GOOG270319C00290000,2026-04-02 19:57:41,290.0,47.78,47.1,48.15,-0.8199997,-1.6872423,9.0,122,0.4038908488464356,True,REGULAR,USD,call,GOOG,2027-03-19,2026-04-03,47.625,350,0.958904109589041,294.4599914550781,0.9848536589536697,1.0499999999999972,0.02204724409448813,1,-0.015262218437786003,one_year,0.3575940229312642,itm,False,calibration,0.3539107534155237,47.2224632999274,0.6255052690745802,47.255973843665195,0.6356890834664183,45.99496174870158,0.033510543737797605,-1.2275015512258207
GOOG270319C00295000,2026-04-02 16:55:37,295.0,45.2,44.6,46.6,-1.2000008,-2.5862086,1.0,40,0.4091093025207519,False,REGULAR,USD,call,GOOG,2027-03-19,2026-04-03,45.6,350,0.958904109589041,294.4599914550781,1.0018338944528709,2.0,0.043859649122807015,1,0.0018322149215140434,one_year,0.36014670172487534,atm,False,calibration,0.3531974774930862,44.8294806243002,0.6066098097770375,44.7936931811235,0.6035387605034932,44.21155261754091,-0.03578744317670157,-0.6179280067592927
GOOG270319C00300000,2026-04-02 19:45:25,300.0,42.58,42.3,43.3,-1.1699982,-2.6742816,21.0,554,0.3981688601684571,False,REGULAR,USD,call,GOOG,2027-03-19,2026-04-03,42.8,350,0.958904109589041,294.4599914550781,1.018814129952072,1.0,0.023364485981308414,1,0.018639333237895322,one_year,0.3549037362729143,otm,False,calibration,0.3526036396211926,42.54185779974796,0.5877227484501986,42.58461786912638,0.5813439612534254,41.29727388329298,0.04276006937842425,-1.2445839164549781
GOOG270319C00305000,2026-04-02 18:20:14,305.0,40.52,39.3,42.4,-0.72999954,-1.7696958,9.0,382,0.407583438873291,False,REGULAR,USD,call,GOOG,2027-03-19,2026-04-03,40.849999999999994,350,0.958904109589041,294.4599914550781,1.0357943654512733,3.1000000000000014,0.07588739290085685,1,0.03516863518910593,one_year,0.3564672213300969,otm,False,calibration,0.35210257497159425,40.35551811803015,0.5689004243351421,40.3843207368113,0.5813053597208931,39.163116147603695,0.028802618781149647,-1.1924019704264524
GOOG270319C00310000,2026-04-02 19:43:27,310.0,37.99,37.9,39.4,-0.5099983,-1.3246709,3.0,383,0.3979704978942871,False,REGULAR,USD,call,GOOG,2027-03-19,2026-04-03,38.65,350,0.958904109589041,294.4599914550781,1.0527746009504746,1.5,0.0388098318240621,1,0.05142915606088628,one_year,0.3550331795803094,otm,True,oos,0.3516748480924602,38.266791999510616,0.5501932676602959,38.23589023036731,0.5457224439980196,37.03697415559074,-0.030901769143305557,-1.229817843919875
GOOG270319C00315000,2026-04-02 15:02:28,315.0,35.9,35.9,37.4,-1.2999992,-3.4946215,2.0,144,0.39642937561035163,False,REGULAR,USD,call,GOOG,2027-03-19,2026-04-03,36.65,350,0.958904109589041,294.4599914550781,1.0697548364496756,1.5,0.040927694406548434,1,0.06742949740732725,one_year,0.35460036975140463,otm,True,oos,0.3513061358240758,36.27228351430357,0.5316466549655838,36.31497537561436,0.525396618237149,35.43182597001282,0.042691861310792945,-0.84045754429075
GOOG270319C00320000,2026-04-02 18:00:13,320.0,33.83,33.85,34.65,-0.4699974,-1.3702549,9.0,285,0.387701435546875,False,REGULAR,USD,call,GOOG,2027-03-19,2026-04-03,34.25,350,0.958904109589041,294.4599914550781,1.0867350719488769,0.7999999999999972,0.02335766423357656,1,0.08317785437546646,one_year,0.3499526354293603,otm,True,oos,0.35098550255267863,34.368749961829124,0.5133013998323498,34.39855867846123,0.5253717008800827,33.657353715128956,0.029808716632103938,-0.7113962467001684
GOOG270319C00325000,2026-04-02 18:50:59,325.0,31.92,31.85,32.7,-0.7800007,-2.385323,6.0,319,0.3852600537109374,False,REGULAR,USD,call,GOOG,2027-03-19,2026-04-03,32.275000000000006,350,0.958904109589041,294.4599914550781,1.103715307448078,0.8500000000000014,0.02633617350890786,1,0.09868204091143175,one_year,0.34828711631393633,otm,True,oos,0.3507045988238392,32.553066657553885,0.4951941805734585,32.51156946395027,0.492807016360687,31.701044589839256,-0.04149719360361104,-0.8520220677146284
GOOG270319C00330000,2026-04-01 19:52:24,330.0,30.65,30.15,31.55,0.0,0.0,10.0,294,0.3891510060119629,False,REGULAR,USD,call,GOOG,2027-03-19,2026-04-03,30.85,350,0.958904109589041,294.4599914550781,1.1206955429472794,1.4000000000000021,0.04538087520259326,2,0.11394951304222022,one_year,0.35069910327681153,otm,True,oos,0.3504568638913891,30.82217905464053,0.4773577928449276,30.8588663987555,0.46897268998247593,29.94467427851547,0.03668734411496999,-0.8775047761250576
GOOG270319C00335000,2026-04-02 16:58:33,335.0,28.6,28.4,29.45,-0.5,-1.7182131,5.0,87,0.38411565597534175,False,REGULAR,USD,call,GOOG,2027-03-19,2026-04-03,28.924999999999997,350,0.958904109589041,294.4599914550781,1.1376757784464806,1.0500000000000007,0.03630077787381161,1,0.12898739040676077,one_year,0.34806912891832353,otm,True,oos,0.35023707815156724,29.173085939123794,0.4598213843236252,29.208704379721578,0.4689557457803401,28.31785424559259,0.03561844059778352,-0.8552316935312057
GOOG270319P00255000,2026-04-02 18:22:16,255.0,19.75,19.15,20.95,1.4500008,7.923502,12.0,238,0.3505466557312011,False,REGULAR,USD,put,GOOG,2027-03-19,2026-04-03,20.049999999999997,350,0.958904109589041,294.4599914550781,0.8659920104592612,1.8000000000000007,0.0897755610972569,1,-0.14387959625987967,one_year,0.3721250653248159,otm,True,oos,0.37036673682094956,19.30563782609856,-0.2494741896332593,19.760466021505025,-0.26915816639659657,19.57593252262972,0.45482819540646346,0.2702946965311597
GOOG270319P00260000,2026-04-02 18:52:18,260.0,21.45,20.55,21.45,1.4000015,6.9825516,13.0,211,0.33481500152587884,False,REGULAR,USD,put,GOOG,2027-03-19,2026-04-03,21.0,350,0.958904109589041,294.4599914550781,0.8829722459584625,0.8999999999999986,0.04285714285714279,1,-0.12446151040277803,one_year,0.3627261151596158,otm,True,oos,0.3650401844010771,20.66988640431049,-0.26551478957643093,21.199142009971542,-0.2717729207141314,21.04553993158046,0.5292556056610529,0.3756535272699715
GOOG270319P00265000,2026-04-01 14:54:14,265.0,22.5,22.1,23.6,0.0,0.0,2.0,139,0.3349981051635742,False,REGULAR,USD,put,GOOG,2027-03-19,2026-04-03,22.85,350,0.958904109589041,294.4599914550781,0.8999524814576637,1.5,0.06564551422319474,2,-0.1054133154320835,one_year,0.3627427356134561,otm,True,oos,0.3615225399840932,22.277615275183905,-0.2825567189404028,22.815049620618684,-0.2868147583537816,22.69734988793131,0.5374343454347787,0.41973461274740487
GOOG270319P00270000,2026-04-02 18:14:00,270.0,25.15,24.5,25.3,1.2199993,5.0982003,1.0,452,0.3298254273986816,False,REGULAR,USD,put,GOOG,2027-03-19,2026-04-03,24.9,350,0.958904109589041,294.4599914550781,0.9169327169568648,0.8000000000000007,0.03212851405622493,1,-0.08672118241993103,one_year,0.36094484067874266,otm,True,oos,0.3590570749266377,24.07036595498029,-0.30026875818975296,24.70866282676206,-0.32079406973882507,24.584645394357146,0.638296871781769,0.5142794393768568
GOOG270319P00275000,2026-04-02 13:33:54,275.0,28.7,25.85,27.55,2.3900013,9.084003,1.0,96,0.3289556851196288,False,REGULAR,USD,put,GOOG,2027-03-19,2026-04-03,26.700000000000003,350,0.958904109589041,294.4599914550781,0.9339129524560661,1.6999999999999993,0.06367041198501869,1,-0.06837204375173445,one_year,0.35583529823846677,otm,True,oos,0.35724570283004353,26.016823184430535,-0.31844464207878453,26.735670455767977,-0.3242091763794649,26.535541953832332,0.7188472713374416,0.5187187694017972
GOOG270319P00280000,2026-04-02 19:47:31,280.0,29.33,28.1,29.3,0.5799999,2.0173912,1.0,175,0.3225165405273437,False,REGULAR,USD,put,GOOG,2027-03-19,2026-04-03,28.700000000000003,350,0.958904109589041,294.4599914550781,0.9508931879552672,1.1999999999999993,0.04181184668989544,1,-0.0503535382490562,one_year,0.35265274270487224,otm,True,oos,0.35586508109436343,28.09882982589822,-0.33694225053618465,28.82808962153743,-0.34982671354003697,28.607872982029374,0.7292597956392086,0.5090431561311526
GOOG270319P00285000,2026-04-01 19:39:52,285.0,30.9,30.4,31.95,0.0,0.0,55.0,74,0.32340154144287103,False,REGULAR,USD,put,GOOG,2027-03-19,2026-04-03,31.174999999999997,350,0.958904109589041,294.4599914550781,0.9678734234544685,1.5500000000000007,0.049719326383319995,2,-0.032653961149655235,one_year,0.35378503234763026,otm,False,calibration,0.35478146620063317,30.304859134809732,-0.35565441551531585,31.18578181663175,-0.3762972233016825,30.809890004593903,0.8809226818220175,0.5050308697841714
GOOG270319P00290000,2026-04-02 19:03:13,290.0,34.0,32.55,34.25,-7.709999,-18.484774,1.0,110,0.3201667105102538,False,REGULAR,USD,put,GOOG,2027-03-19,2026-04-03,33.4,350,0.958904109589041,294.4599914550781,0.9848536589536697,1.7000000000000028,0.05089820359281446,1,-0.015262218437786003,one_year,0.35235724478711555,otm,False,calibration,0.3539107534155237,32.62697829521298,-0.37449473092541985,33.591048114052064,-0.3808454746981073,32.89295267277586,0.9640698188390857,0.265974377562884
GOOG270319P00295000,2026-04-02 18:11:12,295.0,36.2,34.95,36.5,0.70000076,1.9718332,13.0,72,0.31560437820434567,True,REGULAR,USD,put,GOOG,2027-03-19,2026-04-03,35.725,350,0.958904109589041,294.4599914550781,1.0018338944528709,1.5499999999999972,0.04338698390482847,1,0.0018322149215140434,one_year,0.35074869286641913,atm,False,calibration,0.3531974774930862,35.05924573079896,-0.3933901902229625,36.070041578529164,-0.4139607691015215,35.49204276198401,1.0107958477302006,0.4327970311850464
GOOG270319P00300000,2026-04-02 18:11:12,300.0,38.7,37.5,39.25,0.7900009,2.0838852,1.0,183,0.31453627365112297,True,REGULAR,USD,put,GOOG,2027-03-19,2026-04-03,38.375,350,0.958904109589041,294.4599914550781,1.018814129952072,1.75,0.04560260586319218,1,0.018639333237895322,one_year,0.34863924767321997,itm,False,calibration,0.3526036396211926,37.596873017459856,-0.41227725154980144,38.77564880286364,-0.4349525810856704,38.1450632584017,1.1787757854037864,0.5481902409418424
GOOG270319P00305000,2026-04-02 17:59:22,305.0,41.65,40.35,41.6,1.2400017,3.0685515,4.0,202,0.3091041990661621,True,REGULAR,USD,put,GOOG,2027-03-19,2026-04-03,40.975,350,0.958904109589041,294.4599914550781,1.0357943654512733,1.25,0.03050640634533252,1,0.03516863518910593,one_year,0.34603099174277624,itm,False,calibration,0.35210257497159425,40.235783446955224,-0.4310995756648579,41.510882931638584,-0.4404930053772347,40.8459875048303,1.2750994846833592,0.6102040578750731
GOOG270319P00310000,2026-04-01 15:57:55,310.0,42.8,42.8,45.15,0.0,0.0,5.0,94,0.31320877227783206,True,REGULAR,USD,put,GOOG,2027-03-19,2026-04-03,43.974999999999994,350,0.958904109589041,294.4599914550781,1.0527746009504746,2.3500000000000014,0.05343945423536104,2,0.05142915606088628,one_year,0.34683709252878786,itm,True,oos,0.3516748480924602,42.97230743964889,-0.44980673233970414,44.3268692585381,-0.4760311223816311,43.8217582945652,1.3545618188892163,0.8494508549163129
GOOG270319P00315000,2026-04-02 18:11:12,315.0,46.95,45.9,49.0,-6.2599983,-11.764703,1.0,49,0.31905283004760737,True,REGULAR,USD,put,GOOG,2027-03-19,2026-04-03,47.45,350,0.958904109589041,294.4599914550781,1.0697548364496756,3.1000000000000014,0.065331928345627,1,0.06742949740732725,one_year,0.3515309771822075,itm,True,oos,0.3513061358240758,45.80304906565499,-0.46835334503441617,47.342666327993754,-0.4955687670223176,46.77976938384614,1.5396172623387656,0.9767203181911484
GOOG270319P00320000,2026-04-01 15:56:20,320.0,48.4,47.0,50.45,0.0,0.0,1.0,42,0.3031228135681152,True,REGULAR,USD,put,GOOG,2027-03-19,2026-04-03,48.725,350,0.958904109589041,294.4599914550781,1.0867350719488769,3.450000000000003,0.07080554130323248,2,0.08317785437546646,one_year,0.3368155197647837,itm,True,oos,0.35098550255267863,48.72476562439371,-0.4866986001676502,50.38596031526316,-0.5017382382172035,49.61433122079013,1.6611946908694506,0.889565596396416
GOOG270319P00325000,2026-03-30 14:11:03,325.0,64.74,50.4,53.1,0.0,0.0,2.0,49,0.29671418624877927,True,REGULAR,USD,put,GOOG,2027-03-19,2026-04-03,51.75,350,0.958904109589041,294.4599914550781,1.103715307448078,2.700000000000003,0.052173913043478314,4,0.09868204091143175,one_year,0.33534685338184494,itm,True,oos,0.3507045988238392,51.73433243133161,-0.5048058194265415,53.49225352886647,-0.5346684370847713,52.963607157492454,1.7579210975348616,1.2292747261608454
GOOG270319P00330000,2026-04-02 19:23:59,330.0,56.39,54.2,56.25,1.1399994,2.0633473,13.0,90,0.2937997866821288,True,REGULAR,USD,put,GOOG,2027-03-19,2026-04-03,55.225,350,0.958904109589041,294.4599914550781,1.1206955429472794,2.049999999999997,0.03712086917157079,1,0.11394951304222022,one_year,0.33583032803336227,itm,True,oos,0.3504568638913891,54.82869493963142,-0.5226422071550725,56.79884553317536,-0.5569083169143407,56.325195394718975,1.9701505935439414,1.4965004550875562
GOOG270319P00335000,2026-03-30 14:11:03,335.0,72.03,56.85,61.5,0.0,0.0,1.0,5,0.3089973886108398,True,REGULAR,USD,put,GOOG,2027-03-19,2026-04-03,59.175,350,0.958904109589041,294.4599914550781,1.1376757784464806,4.649999999999999,0.0785804816223067,4,0.12898739040676077,one_year,0.34045976681634754,itm,True,oos,0.35023707815156724,58.00485193532785,-0.5401786156763748,60.131987238340855,-0.5633318382790939,59.63362616720133,2.127135303013006,1.6287742318734786
