date,open,high,low,close,adj_close,volume,dividends,stock_splits
2024-01-02 05:00:00,139.60000610351562,140.61500549316406,137.74000549316406,139.55999755859375,138.4235382080078,20071900,0.0,0.0
2024-01-03 05:00:00,138.60000610351562,141.08999633789062,138.42999267578125,140.36000061035156,139.217041015625,18974300,0.0,0.0
2024-01-04 05:00:00,139.85000610351562,140.63499450683594,138.00999450683594,138.0399932861328,136.91590881347656,18253300,0.0,0.0
2024-01-05 05:00:00,138.3520050048828,138.80999755859375,136.85000610351562,137.38999938964844,136.27122497558594,15439500,0.0,0.0
2024-01-08 05:00:00,138.0,140.63999938964844,137.8800048828125,140.52999877929688,139.3856201171875,17645300,0.0,0.0
2024-01-09 05:00:00,140.05999755859375,142.8000030517578,139.7899932861328,142.55999755859375,141.3991241455078,19579700,0.0,0.0
2024-01-10 05:00:00,142.52000427246094,144.52499389648438,142.4600067138672,143.8000030517578,142.62901306152344,16641900,0.0,0.0
2024-01-11 05:00:00,144.89500427246094,146.66000366210938,142.21499633789062,143.6699981689453,142.50010681152344,17471100,0.0,0.0
2024-01-12 05:00:00,144.33999633789062,144.74000549316406,143.36000061035156,144.24000549316406,143.06544494628906,13998700,0.0,0.0
2024-01-16 05:00:00,143.42999267578125,145.83999633789062,143.05599975585938,144.0800018310547,142.90673828125,19198900,0.0,0.0
2024-01-17 05:00:00,142.91000366210938,143.41000366210938,140.50999450683594,142.88999938964844,141.72642517089844,17884500,0.0,0.0
2024-01-18 05:00:00,143.44000244140625,145.5850067138672,143.35000610351562,144.99000549316406,143.80935668945312,18876800,0.0,0.0
2024-01-19 05:00:00,146.30499267578125,148.0399932861328,145.8000030517578,147.97000122070312,146.7650604248047,27181000,0.0,0.0
2024-01-22 05:00:00,148.7100067138672,150.01499938964844,147.5800018310547,147.7100067138672,146.50718688964844,21829200,0.0,0.0
2024-01-23 05:00:00,147.72000122070312,148.86000061035156,147.19000244140625,148.67999267578125,147.46926879882812,14113600,0.0,0.0
2024-01-24 05:00:00,150.2899932861328,151.57000732421875,149.83999633789062,150.35000610351562,149.1256866455078,19245000,0.0,0.0
2024-01-25 05:00:00,151.74000549316406,154.75999450683594,151.22000122070312,153.63999938964844,152.38890075683594,21495100,0.0,0.0
2024-01-26 05:00:00,152.8699951171875,154.11000061035156,152.8000030517578,153.7899932861328,152.53765869140625,19494500,0.0,0.0
2024-01-29 05:00:00,153.63999938964844,155.1999969482422,152.9199981689453,154.83999633789062,153.57911682128906,20909300,0.0,0.0
2024-01-30 05:00:00,154.00999450683594,155.0399932861328,152.77499389648438,153.0500030517578,151.80369567871094,26578900,0.0,0.0
2024-01-31 05:00:00,145.38999938964844,145.58999633789062,141.5500030517578,141.8000030517578,140.6453094482422,43908600,0.0,0.0
2024-02-01 05:00:00,143.69000244140625,144.6199951171875,142.25999450683594,142.7100067138672,141.5479278564453,25526900,0.0,0.0
2024-02-02 05:00:00,140.88999938964844,143.8800048828125,138.1699981689453,143.5399932861328,142.3711395263672,42136100,0.0,0.0
2024-02-05 05:00:00,144.0399932861328,146.6699981689453,143.91000366210938,144.92999267578125,143.7498016357422,29254400,0.0,0.0
2024-02-06 05:00:00,145.9600067138672,146.74000549316406,144.52000427246094,145.41000366210938,144.22593688964844,21517700,0.0,0.0
2024-02-07 05:00:00,146.1199951171875,147.0,145.2100067138672,146.67999267578125,145.48556518554688,21436100,0.0,0.0
2024-02-08 05:00:00,146.97000122070312,147.61000061035156,146.4199981689453,147.22000122070312,146.02117919921875,18241300,0.0,0.0
2024-02-09 05:00:00,147.9499969482422,150.69500732421875,147.42999267578125,150.22000122070312,148.99673461914062,21877700,0.0,0.0
2024-02-12 05:00:00,149.5399932861328,150.58999633789062,148.55999755859375,148.72999572753906,147.51889038085938,17236100,0.0,0.0
2024-02-13 05:00:00,146.07000732421875,148.0399932861328,145.11000061035156,146.3699951171875,145.1781005859375,18138500,0.0,0.0
2024-02-14 05:00:00,147.3699951171875,147.8300018310547,145.55499267578125,147.13999938964844,145.9418182373047,16651800,0.0,0.0
2024-02-15 05:00:00,144.4600067138672,144.75999450683594,141.8800048828125,143.94000244140625,142.76788330078125,26724300,0.0,0.0
2024-02-16 05:00:00,144.2100067138672,144.47999572753906,141.52000427246094,141.75999450683594,140.60562133789062,21865100,0.0,0.0
2024-02-20 05:00:00,140.94000244140625,143.32899475097656,140.8000030517578,142.1999969482422,141.04205322265625,18625600,0.0,0.0
2024-02-21 05:00:00,142.63999938964844,143.97999572753906,141.91000366210938,143.83999633789062,142.668701171875,16440800,0.0,0.0
2024-02-22 05:00:00,146.1199951171875,146.1999969482422,144.00999450683594,145.32000732421875,144.1366424560547,23024700,0.0,0.0
2024-02-23 05:00:00,144.97000122070312,145.9550018310547,144.7899932861328,145.2899932861328,144.1068878173828,14519400,0.0,0.0
2024-02-26 05:00:00,143.4499969482422,143.83999633789062,138.74000549316406,138.75,137.6201629638672,33513000,0.0,0.0
2024-02-27 05:00:00,139.41000366210938,140.49000549316406,138.5,140.10000610351562,138.9591522216797,22364000,0.0,0.0
2024-02-28 05:00:00,139.10000610351562,139.27999877929688,136.63999938964844,137.42999267578125,136.31089782714844,30628700,0.0,0.0
2024-02-29 05:00:00,138.35000610351562,139.9499969482422,137.57000732421875,139.77999877929688,138.64175415039062,35485000,0.0,0.0
2024-03-01 05:00:00,139.61000061035156,140.0,137.97500610351562,138.0800018310547,136.95562744140625,28551500,0.0,0.0
2024-03-04 05:00:00,136.5399932861328,136.6300048828125,132.86000061035156,134.1999969482422,133.10720825195312,43571500,0.0,0.0
2024-03-05 05:00:00,132.74000549316406,134.02000427246094,131.5500030517578,133.77999877929688,132.69061279296875,28447600,0.0,0.0
2024-03-06 05:00:00,134.24000549316406,134.74000549316406,131.9499969482422,132.55999755859375,131.4805450439453,23175200,0.0,0.0
2024-03-07 05:00:00,133.88999938964844,135.82000732421875,132.66000366210938,135.24000549316406,134.1387176513672,24107300,0.0,0.0
2024-03-08 05:00:00,135.03500366210938,138.98500061035156,134.8000030517578,136.2899932861328,135.18017578125,26495200,0.0,0.0
2024-03-11 04:00:00,137.07000732421875,139.97999572753906,137.07000732421875,138.94000244140625,137.80860900878906,22536400,0.0,0.0
2024-03-12 04:00:00,138.25,140.27999877929688,138.2100067138672,139.6199951171875,138.48304748535156,19019700,0.0,0.0
2024-03-13 04:00:00,140.05999755859375,142.19000244140625,140.00999450683594,140.77000427246094,139.6237030029297,19637000,0.0,0.0
2024-03-14 04:00:00,142.3000030517578,144.72999572753906,141.48500061035156,144.33999633789062,143.16461181640625,36117900,0.0,0.0
2024-03-15 04:00:00,143.41000366210938,144.33999633789062,141.1300048828125,142.1699981689453,141.01229858398438,41039500,0.0,0.0
2024-03-18 04:00:00,149.3699951171875,152.92999267578125,148.13999938964844,148.47999572753906,147.2709197998047,47676700,0.0,0.0
2024-03-19 04:00:00,148.97999572753906,149.6199951171875,147.00999450683594,147.9199981689453,146.71546936035156,17748400,0.0,0.0
2024-03-20 04:00:00,148.7899932861328,149.75999450683594,147.6649932861328,149.67999267578125,148.4611358642578,17730000,0.0,0.0
2024-03-21 04:00:00,150.32000732421875,151.30499267578125,148.00999450683594,148.74000549316406,147.52880859375,19843900,0.0,0.0
2024-03-22 04:00:00,150.24000549316406,152.55999755859375,150.08999633789062,151.77000427246094,150.5341339111328,19252900,0.0,0.0
2024-03-25 04:00:00,150.9499969482422,151.45599365234375,148.8000030517578,151.14999389648438,149.91917419433594,15114700,0.0,0.0
2024-03-26 04:00:00,151.24000549316406,153.1999969482422,151.02999877929688,151.6999969482422,150.46469116210938,19312700,0.0,0.0
2024-03-27 04:00:00,152.14500427246094,152.69000244140625,150.1300048828125,151.94000244140625,150.70274353027344,16622000,0.0,0.0
2024-03-28 04:00:00,152.0,152.6699981689453,151.3300018310547,152.25999450683594,151.0201416015625,21105600,0.0,0.0
2024-04-01 04:00:00,151.8300018310547,157.0,151.64999389648438,156.5,155.2256317138672,24469800,0.0,0.0
2024-04-02 04:00:00,154.75,155.99000549316406,153.4600067138672,155.8699951171875,154.60073852539062,17598100,0.0,0.0
2024-04-03 04:00:00,154.9199981689453,156.5500030517578,154.1320037841797,156.3699951171875,155.0966796875,17266200,0.0,0.0
2024-04-04 04:00:00,155.0800018310547,156.17999267578125,151.8800048828125,151.94000244140625,150.70274353027344,24184800,0.0,0.0
2024-04-05 04:00:00,151.67999267578125,154.83999633789062,151.08099365234375,153.94000244140625,152.6864471435547,16297300,0.0,0.0
2024-04-08 04:00:00,154.01499938964844,156.65499877929688,153.99000549316406,156.13999938964844,154.86854553222656,16641500,0.0,0.0
2024-04-09 04:00:00,157.35000610351562,159.88999938964844,156.63999938964844,158.13999938964844,156.8522491455078,21521500,0.0,0.0
2024-04-10 04:00:00,157.8800048828125,158.16000366210938,156.1999969482422,157.66000366210938,156.3761749267578,16339200,0.0,0.0
2024-04-11 04:00:00,158.33999633789062,161.1199951171875,157.92999267578125,160.7899932861328,159.48068237304688,17841700,0.0,0.0
2024-04-12 04:00:00,159.40499877929688,161.6999969482422,158.60000610351562,159.19000244140625,157.89369201660156,16989800,0.0,0.0
2024-04-15 04:00:00,160.27999877929688,160.8300018310547,156.14999389648438,156.3300018310547,155.05699157714844,21140900,0.0,0.0
2024-04-16 04:00:00,155.63999938964844,157.22999572753906,155.0500030517578,156.0,154.72970581054688,15413200,0.0,0.0
2024-04-17 04:00:00,157.19000244140625,158.68099975585938,156.13499450683594,156.8800048828125,155.6024932861328,16237800,0.0,0.0
2024-04-18 04:00:00,156.9250030517578,158.48500061035156,156.2100067138672,157.4600067138672,156.17779541015625,14016100,0.0,0.0
2024-04-19 04:00:00,157.75,157.99000549316406,153.91000366210938,155.72000122070312,154.45196533203125,21479900,0.0,0.0
2024-04-22 04:00:00,156.00999450683594,159.18499755859375,155.66000366210938,157.9499969482422,156.66380310058594,17243900,0.0,0.0
2024-04-23 04:00:00,158.58999633789062,160.47999572753906,157.96499633789062,159.9199981689453,158.6177520751953,16115400,0.0,0.0
2024-04-24 04:00:00,159.08999633789062,161.38999938964844,158.82000732421875,161.10000610351562,159.7881622314453,19485700,0.0,0.0
2024-04-25 04:00:00,153.36000061035156,158.27999877929688,152.76800537109375,157.9499969482422,156.66380310058594,36197800,0.0,0.0
2024-04-26 04:00:00,175.99000549316406,176.4199981689453,171.39999389648438,173.69000244140625,172.275634765625,56500800,0.0,0.0
2024-04-29 04:00:00,170.77000427246094,171.3800048828125,167.05999755859375,167.89999389648438,166.53277587890625,35914600,0.0,0.0
2024-04-30 04:00:00,167.3800048828125,169.8699951171875,164.5,164.63999938964844,163.29931640625,29420800,0.0,0.0
2024-05-01 04:00:00,166.17999267578125,168.80999755859375,164.89999389648438,165.57000732421875,164.22177124023438,25223200,0.0,0.0
2024-05-02 04:00:00,166.6699981689453,168.52999877929688,165.69000244140625,168.4600067138672,167.08822631835938,17041100,0.0,0.0
2024-05-03 04:00:00,169.5399932861328,169.85000610351562,164.97999572753906,168.99000549316406,167.6138916015625,22767100,0.0,0.0
2024-05-06 04:00:00,169.22000122070312,169.89999389648438,167.88999938964844,169.8300018310547,168.44705200195312,15147900,0.0,0.0
2024-05-07 04:00:00,170.1199951171875,173.47000122070312,170.0,172.97999572753906,171.57142639160156,21102400,0.0,0.0
2024-05-08 04:00:00,170.75,171.90899658203125,170.52200317382812,171.16000366210938,169.7662353515625,14569900,0.0,0.0
2024-05-09 04:00:00,171.14999389648438,172.44000244140625,169.92999267578125,171.5800018310547,170.1828155517578,11937700,0.0,0.0
2024-05-10 04:00:00,169.69000244140625,171.33999633789062,167.91000366210938,170.2899932861328,168.90330505371094,18740500,0.0,0.0
2024-05-13 04:00:00,165.8470001220703,170.9499969482422,165.75999450683594,170.89999389648438,169.50833129882812,19648600,0.0,0.0
2024-05-14 04:00:00,171.58999633789062,172.77999877929688,170.4199981689453,171.92999267578125,170.52996826171875,18729500,0.0,0.0
2024-05-15 04:00:00,172.3000030517578,174.04600524902344,172.02999877929688,173.8800048828125,172.46409606933594,20958200,0.0,0.0
2024-05-16 04:00:00,174.60000610351562,176.33999633789062,174.0500030517578,175.42999267578125,174.00143432617188,17247300,0.0,0.0
2024-05-17 04:00:00,175.5500030517578,177.4949951171875,174.97999572753906,177.2899932861328,175.84632873535156,16546400,0.0,0.0
2024-05-20 04:00:00,177.30999755859375,179.9499969482422,177.22500610351562,178.4600067138672,177.0067901611328,17495100,0.0,0.0
2024-05-21 04:00:00,178.39999389648438,179.82000732421875,177.30999755859375,179.5399932861328,178.0780029296875,14706000,0.0,0.0
2024-05-22 04:00:00,178.39999389648438,178.8520050048828,176.77999877929688,178.0,176.55052185058594,16189400,0.0,0.0
2024-05-23 04:00:00,178.77999877929688,179.91000366210938,174.5399932861328,175.05999755859375,173.6344757080078,14928400,0.0,0.0
2024-05-24 04:00:00,176.52000427246094,177.3040008544922,175.1999969482422,176.3300018310547,174.89414978027344,11403600,0.0,0.0
2024-05-28 04:00:00,175.74000549316406,178.50999450683594,175.67999267578125,178.02000427246094,176.57037353515625,15655300,0.0,0.0
2024-05-29 04:00:00,176.80999755859375,178.22999572753906,176.25999450683594,177.39999389648438,175.9553985595703,15023800,0.0,0.0
2024-05-30 04:00:00,176.69000244140625,176.69000244140625,173.22999572753906,173.55999755859375,172.14669799804688,18826300,0.0,0.0
2024-05-31 04:00:00,173.39999389648438,174.4199981689453,170.97000122070312,173.9600067138672,172.54344177246094,28085200,0.0,0.0
2024-06-03 04:00:00,173.8800048828125,175.86000061035156,172.4499969482422,174.4199981689453,172.9996795654297,20742800,0.0,0.0
2024-06-04 04:00:00,174.4499969482422,175.19000244140625,173.22000122070312,175.1300048828125,173.7039337158203,14066600,0.0,0.0
2024-06-05 04:00:00,176.53500366210938,177.97000122070312,175.2899932861328,177.07000732421875,175.6281280517578,15233900,0.0,0.0
2024-06-06 04:00:00,177.42999267578125,178.7100067138672,177.2100067138672,178.35000610351562,176.89768981933594,14255800,0.0,0.0
2024-06-07 04:00:00,178.4600067138672,179.4199981689453,175.7899932861328,175.9499969482422,174.51722717285156,14716300,0.0,0.0
2024-06-10 04:00:00,176.4499969482422,178.47000122070312,174.3800048828125,176.6300048828125,175.39105224609375,17099800,0.2,0.0
2024-06-11 04:00:00,177.72000122070312,178.38999938964844,175.44000244140625,178.19000244140625,176.94009399414062,14402400,0.0,0.0
2024-06-12 04:00:00,179.75,182.0800018310547,177.77999877929688,179.55999755859375,178.30047607421875,18600400,0.0,0.0
2024-06-13 04:00:00,177.83999633789062,178.50999450683594,176.66000366210938,176.74000549316406,175.5002899169922,15956900,0.0,0.0
2024-06-14 04:00:00,175.8520050048828,178.72999572753906,175.8520050048828,178.3699951171875,177.1188507080078,12361600,0.0,0.0
2024-06-17 04:00:00,176.97999572753906,179.9199981689453,176.49000549316406,178.77999877929688,177.52597045898438,15272900,0.0,0.0
2024-06-18 04:00:00,178.7899932861328,178.91000366210938,175.6199951171875,176.4499969482422,175.21231079101562,15640300,0.0,0.0
2024-06-20 04:00:00,176.7100067138672,178.74000549316406,176.4600067138672,177.7100067138672,176.46348571777344,16753200,0.0,0.0
2024-06-21 04:00:00,178.49000549316406,182.51199340820312,178.05999755859375,180.25999450683594,178.9955596923828,58903200,0.0,0.0
2024-06-24 04:00:00,181.27999877929688,182.0800018310547,180.22999572753906,180.7899932861328,179.52188110351562,18198300,0.0,0.0
2024-06-25 04:00:00,181.14500427246094,185.75,181.10499572753906,185.5800018310547,184.2782745361328,18797000,0.0,0.0
2024-06-26 04:00:00,184.1999969482422,185.92999267578125,183.99000549316406,185.3699951171875,184.06973266601562,13375700,0.0,0.0
2024-06-27 04:00:00,185.64500427246094,187.5,185.4499969482422,186.86000061035156,185.54930114746094,13025700,0.0,0.0
2024-06-28 04:00:00,185.72000122070312,186.5800018310547,183.3249969482422,183.4199981689453,182.13340759277344,23032400,0.0,0.0
2024-07-01 04:00:00,184.47999572753906,185.33999633789062,182.72999572753906,184.49000549316406,183.19593811035156,11815900,0.0,0.0
2024-07-02 04:00:00,183.47000122070312,186.9499969482422,183.05999755859375,186.61000061035156,185.301025390625,12555500,0.0,0.0
2024-07-03 04:00:00,186.3000030517578,187.6199951171875,185.38499450683594,187.38999938964844,186.0755615234375,7409100,0.0,0.0
2024-07-05 04:00:00,187.32000732421875,192.25999450683594,187.32000732421875,191.9600067138672,190.613525390625,14303400,0.0,0.0
2024-07-08 04:00:00,191.36500549316406,191.6790008544922,189.32000732421875,190.47999572753906,189.14390563964844,12097600,0.0,0.0
2024-07-09 04:00:00,191.75,192.86000061035156,190.22999572753906,190.44000244140625,189.10418701171875,10198500,0.0,0.0
2024-07-10 04:00:00,190.75,193.30999755859375,190.6199951171875,192.66000366210938,191.30859375,12052900,0.0,0.0
2024-07-11 04:00:00,191.33999633789062,192.41000366210938,186.82000732421875,187.3000030517578,185.98622131347656,16452000,0.0,0.0
2024-07-12 04:00:00,186.9199981689453,188.69000244140625,186.13999938964844,186.77999877929688,185.46987915039062,14449100,0.0,0.0
2024-07-15 04:00:00,186.49000549316406,189.89999389648438,186.49000549316406,188.19000244140625,186.86997985839844,12186000,0.0,0.0
2024-07-16 04:00:00,188.9600067138672,190.33999633789062,185.1199951171875,185.5,184.19883728027344,12760100,0.0,0.0
2024-07-17 04:00:00,184.67999267578125,185.22999572753906,181.6199951171875,182.6199951171875,181.3390350341797,17376600,0.0,0.0
2024-07-18 04:00:00,183.5399932861328,184.0500030517578,178.2100067138672,179.22000122070312,177.96287536621094,17877200,0.0,0.0
2024-07-19 04:00:00,180.3699951171875,181.97000122070312,178.86000061035156,179.38999938964844,178.13169860839844,14485900,0.0,0.0
2024-07-22 04:00:00,182.35000610351562,184.3000030517578,181.89999389648438,183.35000610351562,182.06390380859375,16303900,0.0,0.0
2024-07-23 04:00:00,183.83999633789062,185.22000122070312,183.3300018310547,183.60000610351562,182.31216430664062,23772600,0.0,0.0
2024-07-24 04:00:00,175.38999938964844,177.9499969482422,173.57000732421875,174.3699951171875,173.1468963623047,31250700,0.0,0.0
2024-07-25 04:00:00,174.25,175.1999969482422,169.0500030517578,169.16000366210938,167.97344970703125,28967900,0.0,0.0
2024-07-26 04:00:00,168.77000427246094,169.83999633789062,165.86500549316406,168.67999267578125,167.49681091308594,25150100,0.0,0.0
2024-07-29 04:00:00,170.5,172.16000366210938,169.72000122070312,171.1300048828125,169.9296417236328,13768900,0.0,0.0
2024-07-30 04:00:00,171.8300018310547,172.9499969482422,170.1199951171875,171.86000061035156,170.65451049804688,13681400,0.0,0.0
2024-07-31 04:00:00,174.9199981689453,175.91000366210938,171.72000122070312,173.14999389648438,171.93544006347656,15650200,0.0,0.0
2024-08-01 04:00:00,171.97999572753906,175.67999267578125,170.50999450683594,172.4499969482422,171.2403564453125,17177800,0.0,0.0
2024-08-02 04:00:00,168.19000244140625,170.2100067138672,166.38999938964844,168.39999389648438,167.21878051757812,18907800,0.0,0.0
2024-08-05 04:00:00,157.3699951171875,165.94000244140625,156.60000610351562,160.63999938964844,159.51321411132812,34907800,0.0,0.0
2024-08-06 04:00:00,160.94500732421875,162.35000610351562,158.1300048828125,160.5399932861328,159.41390991210938,36146500,0.0,0.0
2024-08-07 04:00:00,163.24000549316406,164.7899932861328,160.24000549316406,160.75,159.62245178222656,19334200,0.0,0.0
2024-08-08 04:00:00,162.343994140625,165.5,162.02999877929688,163.83999633789062,162.69073486328125,15733600,0.0,0.0
2024-08-09 04:00:00,161.64500427246094,165.52000427246094,160.92999267578125,165.38999938964844,164.22988891601562,13549200,0.0,0.0
2024-08-12 04:00:00,165.9949951171875,166.6999969482422,163.5500030517578,163.9499969482422,162.79998779296875,12435000,0.0,0.0
2024-08-13 04:00:00,165.18499755859375,166.5399932861328,164.77000427246094,165.92999267578125,164.76612854003906,12717600,0.0,0.0
2024-08-14 04:00:00,164.2100067138672,164.9600067138672,159.52999877929688,162.02999877929688,160.89346313476562,22515900,0.0,0.0
2024-08-15 04:00:00,162.2100067138672,163.52000427246094,161.49000549316406,163.1699981689453,162.0254669189453,18392500,0.0,0.0
2024-08-16 04:00:00,163.41000366210938,166.9499969482422,163.0800018310547,164.74000549316406,163.58444213867188,16853100,0.0,0.0
2024-08-19 04:00:00,167.0,168.47000122070312,166.08999633789062,168.39999389648438,167.21878051757812,13100800,0.0,0.0
2024-08-20 04:00:00,168.74000549316406,170.41000366210938,168.66000366210938,168.9600067138672,167.77487182617188,12622500,0.0,0.0
2024-08-21 04:00:00,166.99000549316406,168.63999938964844,166.57000732421875,167.6300048828125,166.4541778564453,15269600,0.0,0.0
2024-08-22 04:00:00,169.0399932861328,169.4199981689453,165.02999877929688,165.49000549316406,164.3291778564453,19123800,0.0,0.0
2024-08-23 04:00:00,166.5500030517578,167.9499969482422,165.66000366210938,167.42999267578125,166.25555419921875,14281600,0.0,0.0
2024-08-26 04:00:00,168.15499877929688,169.3800048828125,166.32000732421875,167.92999267578125,166.75205993652344,11990300,0.0,0.0
2024-08-27 04:00:00,167.61000061035156,168.2449951171875,166.16000366210938,166.3800048828125,165.21292114257812,13718200,0.0,0.0
2024-08-28 04:00:00,166.77999877929688,167.38999938964844,163.27999877929688,164.5,163.34613037109375,15208700,0.0,0.0
2024-08-29 04:00:00,166.05999755859375,167.6300048828125,161.98199462890625,163.39999389648438,162.2538299560547,17133800,0.0,0.0
2024-08-30 04:00:00,164.22000122070312,165.27999877929688,163.41000366210938,165.11000061035156,163.9518280029297,18498800,0.0,0.0
2024-09-03 04:00:00,163.31500244140625,163.3800048828125,157.85499572753906,158.61000061035156,157.4974365234375,26533100,0.0,0.0
2024-09-04 04:00:00,158.0749969482422,160.39999389648438,157.44000244140625,157.80999755859375,156.7030487060547,17410700,0.0,0.0
2024-09-05 04:00:00,157.77999877929688,161.01499938964844,157.52000427246094,158.60000610351562,157.48753356933594,14139500,0.0,0.0
2024-09-06 04:00:00,158.69000244140625,159.22000122070312,151.93499755859375,152.1300048828125,151.06289672851562,24999100,0.0,0.0
2024-09-09 04:00:00,153.6300048828125,154.63999938964844,148.1999969482422,149.5399932861328,148.6865234375,28057700,0.2,0.0
2024-09-10 04:00:00,151.4499969482422,152.3000030517578,149.54299926757812,150.00999450683594,149.1538543701172,20401800,0.0,0.0
2024-09-11 04:00:00,151.08999633789062,152.47999572753906,148.6999969482422,152.14999389648438,151.2816162109375,18991500,0.0,0.0
2024-09-12 04:00:00,154.80999755859375,155.61000061035156,153.5,155.5399932861328,154.65228271484375,20980800,0.0,0.0
2024-09-13 04:00:00,156.36199951171875,159.27499389648438,156.11000061035156,158.3699951171875,157.46612548828125,16733900,0.0,0.0
2024-09-16 04:00:00,158.3300018310547,159.24000549316406,157.61000061035156,158.99000549316406,158.08262634277344,14157600,0.0,0.0
2024-09-17 04:00:00,160.08999633789062,161.58999633789062,159.41000366210938,160.27999877929688,159.365234375,12064800,0.0,0.0
2024-09-18 04:00:00,160.85000610351562,161.6300048828125,159.66000366210938,160.80999755859375,159.89219665527344,16756500,0.0,0.0
2024-09-19 04:00:00,164.82000732421875,164.99000549316406,162.52200317382812,163.24000549316406,162.308349609375,17548200,0.0,0.0
2024-09-20 04:00:00,164.52000427246094,164.75,163.17999267578125,164.63999938964844,163.70034790039062,46362700,0.0,0.0
2024-09-23 04:00:00,165.33999633789062,166.61000061035156,162.9499969482422,163.07000732421875,162.13931274414062,15648400,0.0,0.0
2024-09-24 04:00:00,164.25,164.5500030517578,162.02999877929688,163.63999938964844,162.7060546875,18774100,0.0,0.0
2024-09-25 04:00:00,162.97000122070312,164.2169952392578,162.77499389648438,162.99000549316406,162.0597686767578,13607900,0.0,0.0
2024-09-26 04:00:00,165.02999877929688,165.5,163.5,163.8300018310547,162.8949737548828,18234500,0.0,0.0
2024-09-27 04:00:00,163.91000366210938,166.97000122070312,163.8300018310547,165.2899932861328,164.3466339111328,13604300,0.0,0.0
2024-09-30 04:00:00,164.77999877929688,167.36000061035156,164.63999938964844,167.19000244140625,166.2357940673828,14070100,0.0,0.0
2024-10-01 04:00:00,168.86000061035156,170.44000244140625,165.89999389648438,168.4199981689453,167.45880126953125,18629500,0.0,0.0
2024-10-02 04:00:00,167.75999450683594,168.8800048828125,166.25,167.30999755859375,166.3551025390625,12745000,0.0,0.0
2024-10-03 04:00:00,165.82000732421875,167.91000366210938,165.3699951171875,167.2100067138672,166.2556915283203,11004300,0.0,0.0
2024-10-04 04:00:00,169.33999633789062,169.5500030517578,166.9600067138672,168.55999755859375,167.5979766845703,11422100,0.0,0.0
2024-10-07 04:00:00,169.13999938964844,169.89999389648438,164.1300048828125,164.38999938964844,163.4517822265625,14034700,0.0,0.0
2024-10-08 04:00:00,165.42999267578125,166.10000610351562,164.30999755859375,165.6999969482422,164.75430297851562,11723900,0.0,0.0
2024-10-09 04:00:00,164.85499572753906,166.25999450683594,161.1199951171875,163.05999755859375,162.12937927246094,19666400,0.0,0.0
2024-10-10 04:00:00,162.11000061035156,164.31100463867188,161.63999938964844,163.17999267578125,162.24867248535156,12900500,0.0,0.0
2024-10-11 04:00:00,163.3300018310547,165.27000427246094,162.5,164.52000427246094,163.58106994628906,10946000,0.0,0.0
2024-10-14 04:00:00,164.91000366210938,167.6199951171875,164.77999877929688,166.35000610351562,165.40060424804688,9981800,0.0,0.0
2024-10-15 04:00:00,167.13999938964844,169.08999633789062,166.0500030517578,166.89999389648438,165.9474639892578,14829300,0.0,0.0
2024-10-16 04:00:00,166.02999877929688,167.27999877929688,165.21600341796875,166.74000549316406,165.7883758544922,9968500,0.0,0.0
2024-10-17 04:00:00,167.3800048828125,167.92999267578125,164.3699951171875,164.50999450683594,163.5710906982422,15113400,0.0,0.0
2024-10-18 04:00:00,164.8699951171875,166.3699951171875,164.75,165.0500030517578,164.10801696777344,13091300,0.0,0.0
2024-10-21 04:00:00,164.5800018310547,166.22000122070312,164.30499267578125,165.8000030517578,164.85372924804688,11384000,0.0,0.0
2024-10-22 04:00:00,164.6999969482422,167.47000122070312,164.6699981689453,166.82000732421875,165.86793518066406,11958600,0.0,0.0
2024-10-23 04:00:00,166.42999267578125,167.60000610351562,163.63299560546875,164.47999572753906,163.541259765625,12754300,0.0,0.0
2024-10-24 04:00:00,164.58999633789062,165.0500030517578,162.77000427246094,164.52999877929688,163.59097290039062,12764400,0.0,0.0
2024-10-25 04:00:00,165.36500549316406,167.39999389648438,165.22999572753906,166.99000549316406,166.03697204589844,14566400,0.0,0.0
2024-10-28 04:00:00,170.58999633789062,170.6060028076172,165.7899932861328,168.33999633789062,167.3792266845703,20858300,0.0,0.0
2024-10-29 04:00:00,169.38499450683594,171.86000061035156,168.66000366210938,171.13999938964844,170.16323852539062,28916100,0.0,0.0
2024-10-30 04:00:00,182.41000366210938,183.7899932861328,175.7449951171875,176.13999938964844,175.13473510742188,49698300,0.0,0.0
2024-10-31 04:00:00,174.72000122070312,178.4199981689453,172.55999755859375,172.69000244140625,171.70440673828125,32801900,0.0,0.0
2024-11-01 04:00:00,171.5399932861328,173.82000732421875,170.30999755859375,172.64999389648438,171.6646270751953,21752900,0.0,0.0
2024-11-04 05:00:00,171.24000549316406,171.9199981689453,169.48500061035156,170.67999267578125,169.70587158203125,16194000,0.0,0.0
2024-11-05 05:00:00,170.8300018310547,172.0970001220703,170.3699951171875,171.41000366210938,170.4317169189453,12518300,0.0,0.0
2024-11-06 05:00:00,175.35000610351562,178.63999938964844,175.0399932861328,178.3300018310547,177.3122100830078,27061500,0.0,0.0
2024-11-07 05:00:00,179.11000061035156,182.5800018310547,178.88999938964844,182.27999877929688,181.2396697998047,16730400,0.0,0.0
2024-11-08 05:00:00,182.0,182.35000610351562,179.57000732421875,179.86000061035156,178.83349609375,15021500,0.0,0.0
2024-11-11 05:00:00,180.07000732421875,182.0850067138672,179.99000549316406,181.97000122070312,180.9314727783203,12503400,0.0,0.0
2024-11-12 05:00:00,181.3800048828125,184.02499389648438,180.99000549316406,183.32000732421875,182.2737579345703,14065800,0.0,0.0
2024-11-13 05:00:00,182.14999389648438,182.61500549316406,180.1199951171875,180.49000549316406,179.45989990234375,13969700,0.0,0.0
2024-11-14 05:00:00,179.75,180.44500732421875,176.02999877929688,177.35000610351562,176.33782958984375,17925800,0.0,0.0
2024-11-15 05:00:00,175.63999938964844,175.8800048828125,172.7449951171875,173.88999938964844,172.89756774902344,21708900,0.0,0.0
2024-11-18 05:00:00,174.9550018310547,176.91000366210938,174.4199981689453,176.8000030517578,175.79095458984375,18662800,0.0,0.0
2024-11-19 05:00:00,175.23500061035156,180.1699981689453,175.11599731445312,179.5800018310547,178.5550994873047,15392900,0.0,0.0
2024-11-20 05:00:00,178.8300018310547,179.11000061035156,175.3300018310547,177.3300018310547,176.3179473876953,15729800,0.0,0.0
2024-11-21 05:00:00,175.4550018310547,175.5800018310547,165.30999755859375,169.24000549316406,168.2741241455078,38839400,0.0,0.0
2024-11-22 05:00:00,167.16000366210938,168.26499938964844,165.7100067138672,166.57000732421875,165.6193389892578,24497000,0.0,0.0
2024-11-25 05:00:00,167.99000549316406,170.4600067138672,167.39999389648438,169.42999267578125,168.46302795410156,21395700,0.0,0.0
2024-11-26 05:00:00,169.49000549316406,171.4949951171875,169.42999267578125,170.6199951171875,169.64620971679688,14937500,0.0,0.0
2024-11-27 05:00:00,170.67999267578125,171.13999938964844,169.6699981689453,170.82000732421875,169.8450927734375,12433400,0.0,0.0
2024-11-29 05:00:00,170.05999755859375,170.8699951171875,168.75,170.49000549316406,169.51698303222656,9250700,0.0,0.0
2024-12-02 05:00:00,170.32000732421875,173.60000610351562,170.27000427246094,172.97999572753906,171.99276733398438,16593400,0.0,0.0
2024-12-03 05:00:00,173.1199951171875,174.32000732421875,172.50999450683594,173.02000427246094,172.0325164794922,15721500,0.0,0.0
2024-12-04 05:00:00,172.77999877929688,176.42999267578125,172.75,176.08999633789062,175.0850067138672,18239800,0.0,0.0
2024-12-05 05:00:00,177.32000732421875,177.7100067138672,174.00999450683594,174.30999755859375,173.31515502929688,16145500,0.0,0.0
2024-12-06 05:00:00,173.8800048828125,176.83900451660156,173.5500030517578,176.49000549316406,175.4827423095703,13319500,0.0,0.0
2024-12-09 05:00:00,175.71499633789062,178.0399932861328,175.39999389648438,177.10000610351562,176.2890167236328,19887800,0.2,0.0
2024-12-10 05:00:00,184.53500366210938,188.02999877929688,182.6699981689453,186.52999877929688,185.6758270263672,34317400,0.0,0.0
2024-12-11 05:00:00,186.6999969482422,196.88999938964844,186.25999450683594,196.7100067138672,195.80923461914062,41664500,0.0,0.0
2024-12-12 05:00:00,196.3000030517578,196.7050018310547,193.27999877929688,193.6300048828125,192.74334716796875,25197800,0.0,0.0
2024-12-13 05:00:00,192.7100067138672,194.33999633789062,191.25999450683594,191.3800048828125,190.5036163330078,18883200,0.0,0.0
2024-12-16 05:00:00,194.36500549316406,200.63999938964844,194.11000061035156,198.16000366210938,197.25259399414062,32248600,0.0,0.0
2024-12-17 05:00:00,198.52999877929688,202.8800048828125,196.69000244140625,197.1199951171875,196.21734619140625,24129500,0.0,0.0
2024-12-18 05:00:00,196.8300018310547,198.69000244140625,189.27999877929688,190.14999389648438,189.27926635742188,27638400,0.0,0.0
2024-12-19 05:00:00,193.27999877929688,194.60000610351562,189.52000427246094,189.6999969482422,188.83131408691406,26981200,0.0,0.0
2024-12-20 05:00:00,187.00999450683594,194.13499450683594,186.3699951171875,192.9600067138672,192.07640075683594,45319700,0.0,0.0
2024-12-23 05:00:00,194.02999877929688,196.49000549316406,191.6300048828125,195.99000549316406,195.09251403808594,15235900,0.0,0.0
2024-12-24 05:00:00,196.1699981689453,197.6699981689453,195.197998046875,197.57000732421875,196.66529846191406,6809800,0.0,0.0
2024-12-26 05:00:00,196.74000549316406,198.16000366210938,195.8699951171875,197.10000610351562,196.1974334716797,7907900,0.0,0.0
2024-12-27 05:00:00,196.47000122070312,196.8000030517578,191.9720001220703,194.0399932861328,193.1514434814453,14693000,0.0,0.0
2024-12-30 05:00:00,190.86500549316406,193.77999877929688,190.36000061035156,192.69000244140625,191.80763244628906,12209500,0.0,0.0
2024-12-31 05:00:00,192.44500732421875,193.25,189.5800018310547,190.44000244140625,189.56793212890625,14355200,0.0,0.0
2025-01-02 05:00:00,191.48500061035156,193.1999969482422,188.7100067138672,190.6300048828125,189.75706481933594,17545200,0.0,0.0
2025-01-03 05:00:00,192.72500610351562,194.5,191.35000610351562,193.1300048828125,192.24562072753906,12875000,0.0,0.0
2025-01-06 05:00:00,195.14999389648438,199.55999755859375,195.05999755859375,197.9600067138672,197.0535125732422,19483300,0.0,0.0
2025-01-07 05:00:00,198.27000427246094,202.13999938964844,195.94000244140625,196.7100067138672,195.80923461914062,16966800,0.0,0.0
2025-01-08 05:00:00,193.9499969482422,197.63999938964844,193.75,195.38999938964844,194.49526977539062,14335300,0.0,0.0
2025-01-10 05:00:00,195.4199981689453,197.6199951171875,191.60000610351562,193.1699981689453,192.28541564941406,20753800,0.0,0.0
2025-01-13 05:00:00,191.35000610351562,192.49000549316406,188.66000366210938,192.2899932861328,191.40945434570312,13169100,0.0,0.0
2025-01-14 05:00:00,192.5,193.27000427246094,189.63999938964844,191.0500030517578,190.17514038085938,13651200,0.0,0.0
2025-01-15 05:00:00,194.35000610351562,197.8000030517578,193.3300018310547,196.97999572753906,196.07798767089844,12894900,0.0,0.0
2025-01-16 05:00:00,195.8249969482422,196.97999572753906,194.3000030517578,194.41000366210938,193.51976013183594,13449600,0.0,0.0
2025-01-17 05:00:00,198.0500030517578,198.80999755859375,195.30999755859375,197.5500030517578,196.6453857421875,22109100,0.0,0.0
2025-01-21 05:00:00,200.50999450683594,203.83999633789062,199.44000244140625,199.6300048828125,198.71583557128906,19005200,0.0,0.0
2025-01-22 05:00:00,200.5500030517578,202.1199951171875,199.1999969482422,200.02999877929688,199.114013671875,15477400,0.0,0.0
2025-01-23 05:00:00,199.97999572753906,201.94000244140625,196.82000732421875,199.5800018310547,198.6660614013672,15170800,0.0,0.0
2025-01-24 05:00:00,199.85000610351562,202.57000732421875,199.78399658203125,201.89999389648438,200.97544860839844,12732400,0.0,0.0
2025-01-27 05:00:00,194.19000244140625,198.6699981689453,192.6999969482422,193.77000427246094,192.8826904296875,24970200,0.0,0.0
2025-01-28 05:00:00,194.64999389648438,197.22999572753906,192.61000061035156,197.07000732421875,196.16758728027344,15939200,0.0,0.0
2025-01-29 05:00:00,197.3699951171875,198.4600067138672,195.19000244140625,197.17999267578125,196.27706909179688,12287800,0.0,0.0
2025-01-30 05:00:00,199.75999450683594,203.23800659179688,199.4720001220703,202.6300048828125,201.7021026611328,14571500,0.0,0.0
2025-01-31 05:00:00,203.71499633789062,207.0800018310547,203.5800018310547,205.60000610351562,204.65850830078125,17060300,0.0,0.0
2025-02-03 05:00:00,202.21499633789062,205.22000122070312,201.66000366210938,202.63999938964844,201.71206665039062,16719500,0.0,0.0
2025-02-04 05:00:00,204.5,208.6999969482422,204.25999450683594,207.7100067138672,206.75885009765625,28285400,0.0,0.0
2025-02-05 05:00:00,193.10000610351562,194.5500030517578,189.91000366210938,193.3000030517578,192.4148406982422,43666400,0.0,0.0
2025-02-06 05:00:00,190.99000549316406,193.8300018310547,190.49000549316406,193.30999755859375,192.42477416992188,20816600,0.0,0.0
2025-02-07 05:00:00,192.74000549316406,193.01499938964844,185.10000610351562,187.13999938964844,186.2830352783203,29565700,0.0,0.0
2025-02-10 05:00:00,189.05999755859375,189.99000549316406,187.61000061035156,188.1999969482422,187.3381805419922,16606000,0.0,0.0
2025-02-11 05:00:00,186.8350067138672,188.8000030517578,186.0800018310547,187.07000732421875,186.21336364746094,13028100,0.0,0.0
2025-02-12 05:00:00,185.22999572753906,186.8300018310547,183.6300048828125,185.42999267578125,184.58087158203125,17632300,0.0,0.0
2025-02-13 05:00:00,185.92999267578125,187.99000549316406,184.8800048828125,187.8800048828125,187.0196533203125,12729300,0.0,0.0
2025-02-14 05:00:00,186.8300018310547,188.14999389648438,186.11000061035156,186.8699951171875,186.01425170898438,12714200,0.0,0.0
2025-02-18 05:00:00,187.44000244140625,187.77999877929688,183.5800018310547,185.8000030517578,184.94918823242188,19796000,0.0,0.0
2025-02-19 05:00:00,186.18499755859375,187.36000061035156,185.5,187.1300048828125,186.27308654785156,13120500,0.0,0.0
2025-02-20 05:00:00,186.5,187.1199951171875,184.60000610351562,186.63999938964844,185.7853240966797,12063800,0.0,0.0
2025-02-21 05:00:00,187.2899932861328,187.47000122070312,181.1300048828125,181.5800018310547,180.7484893798828,19520800,0.0,0.0
2025-02-24 05:00:00,183.8000030517578,185.08999633789062,180.8800048828125,181.19000244140625,180.3602752685547,18734000,0.0,0.0
2025-02-25 05:00:00,180.15499877929688,180.75999450683594,176.77000427246094,177.3699951171875,176.55776977539062,20832500,0.0,0.0
2025-02-26 05:00:00,176.94500732421875,178.0800018310547,173.58999633789062,174.6999969482422,173.89999389648438,23637200,0.0,0.0
2025-02-27 05:00:00,175.94000244140625,176.58999633789062,169.7519989013672,170.2100067138672,169.43055725097656,25930500,0.0,0.0
2025-02-28 05:00:00,170.3000030517578,172.5,168.38999938964844,172.22000122070312,171.43136596679688,30049800,0.0,0.0
2025-03-03 05:00:00,173.72999572753906,175.0,167.63999938964844,168.66000366210938,167.88766479492188,24122000,0.0,0.0
2025-03-04 05:00:00,167.94000244140625,175.1649932861328,167.5399932861328,172.61000061035156,171.819580078125,30711400,0.0,0.0
2025-03-05 05:00:00,172.32000732421875,175.75,170.92999267578125,174.99000549316406,174.18869018554688,18848000,0.0,0.0
2025-03-06 05:00:00,172.5500030517578,176.72999572753906,172.50799560546875,174.2100067138672,173.41226196289062,19082400,0.0,0.0
2025-03-07 05:00:00,173.24200439453125,176.89999389648438,172.25,175.75,174.94520568847656,16395300,0.0,0.0
2025-03-10 04:00:00,170.16000366210938,170.4499969482422,165.56500244140625,167.80999755859375,167.2318572998047,28990700,0.2,0.0
2025-03-11 04:00:00,166.67999267578125,168.65499877929688,163.24000549316406,165.97999572753906,165.4081573486328,23705900,0.0,0.0
2025-03-12 04:00:00,168.47000122070312,169.52999877929688,165.47999572753906,169.0,168.41775512695312,19880100,0.0,0.0
2025-03-13 04:00:00,167.97999572753906,168.1199951171875,164.07000732421875,164.72999572753906,164.1624755859375,15206200,0.0,0.0
2025-03-14 04:00:00,165.31500244140625,168.25,164.50999450683594,167.6199951171875,167.0425262451172,18611100,0.0,0.0
2025-03-17 04:00:00,167.3249969482422,168.4600067138672,165.80999755859375,166.57000732421875,165.9961395263672,17839100,0.0,0.0
2025-03-18 04:00:00,165.9600067138672,166.44000244140625,158.8000030517578,162.6699981689453,162.10955810546875,24616800,0.0,0.0
2025-03-19 04:00:00,163.9149932861328,168.13299560546875,163.0500030517578,166.27999877929688,165.70712280273438,24955700,0.0,0.0
2025-03-20 04:00:00,163.8249969482422,167.02999877929688,163.13999938964844,165.0500030517578,164.4813690185547,19981500,0.0,0.0
2025-03-21 04:00:00,163.3800048828125,166.47000122070312,163.02999877929688,166.25,165.67724609375,29882100,0.0,0.0
2025-03-24 04:00:00,169.26499938964844,170.5,167.44000244140625,169.92999267578125,169.34454345703125,18742800,0.0,0.0
2025-03-25 04:00:00,171.17999267578125,172.91000366210938,170.5500030517578,172.7899932861328,172.1947021484375,13841600,0.0,0.0
2025-03-26 04:00:00,171.3000030517578,171.94000244140625,166.86099243164062,167.13999938964844,166.56417846679688,22498000,0.0,0.0
2025-03-27 04:00:00,166.7100067138672,167.44000244140625,163.85000610351562,164.0800018310547,163.51470947265625,21571200,0.0,0.0
2025-03-28 04:00:00,162.36000061035156,163.80999755859375,155.33900451660156,156.05999755859375,155.5223388671875,34866500,0.0,0.0
2025-03-31 04:00:00,154.80999755859375,157.1300048828125,152.2100067138672,156.22999572753906,155.69175720214844,33591600,0.0,0.0
2025-04-01 04:00:00,155.3000030517578,160.0800018310547,155.2550048828125,158.8800048828125,158.33262634277344,20111400,0.0,0.0
2025-04-02 04:00:00,156.9600067138672,160.27499389648438,156.52999877929688,158.86000061035156,158.31271362304688,17113300,0.0,0.0
2025-04-03 04:00:00,152.8350067138672,154.68699645996094,152.17999267578125,152.6300048828125,152.1041717529297,28416100,0.0,0.0
2025-04-04 04:00:00,149.89999389648438,153.08999633789062,147.5399932861328,147.74000549316406,147.23101806640625,39832200,0.0,0.0
2025-04-07 04:00:00,143.38999938964844,154.92999267578125,142.66000366210938,149.24000549316406,148.72586059570312,47823000,0.0,0.0
2025-04-08 04:00:00,153.5749969482422,154.44000244140625,145.2100067138672,146.5800018310547,146.0749969482422,35304400,0.0,0.0
2025-04-09 04:00:00,146.3300018310547,161.8699951171875,145.80999755859375,161.05999755859375,160.50511169433594,46479500,0.0,0.0
2025-04-10 04:00:00,158.75999450683594,160.02999877929688,152.1999969482422,155.3699951171875,154.83473205566406,35270500,0.0,0.0
2025-04-11 04:00:00,155.5850067138672,159.86000061035156,155.5850067138672,159.39999389648438,158.850830078125,22582000,0.0,0.0
2025-04-14 04:00:00,162.30999755859375,164.02999877929688,159.9199981689453,161.47000122070312,160.91371154785156,18255900,0.0,0.0
2025-04-15 04:00:00,161.57000732421875,162.0500030517578,157.64500427246094,158.67999267578125,158.13330078125,15690800,0.0,0.0
2025-04-16 04:00:00,155.47000122070312,158.17999267578125,153.91000366210938,155.5,154.9642791748047,16921500,0.0,0.0
2025-04-17 04:00:00,156.61000061035156,157.07000732421875,150.89999389648438,153.36000061035156,152.83163452148438,19513400,0.0,0.0
2025-04-21 04:00:00,150.96499633789062,151.05999755859375,148.39999389648438,149.86000061035156,149.34368896484375,16147800,0.0,0.0
2025-04-22 04:00:00,151.07000732421875,154.61000061035156,150.8699951171875,153.89999389648438,153.36978149414062,15910300,0.0,0.0
2025-04-23 04:00:00,157.91000366210938,160.02000427246094,156.35000610351562,157.72000122070312,157.17660522460938,18575700,0.0,0.0
2025-04-24 04:00:00,158.52499389648438,161.7100067138672,158.08999633789062,161.47000122070312,160.91371154785156,30787500,0.0,0.0
2025-04-25 04:00:00,167.10000610351562,168.24000549316406,163.0,163.85000610351562,163.28549194335938,35148100,0.0,0.0
2025-04-28 04:00:00,164.25999450683594,164.9499969482422,160.3800048828125,162.4199981689453,161.8604278564453,20871200,0.0,0.0
2025-04-29 04:00:00,162.0449981689453,162.67999267578125,159.38999938964844,162.05999755859375,161.5016632080078,15955200,0.0,0.0
2025-04-30 04:00:00,159.86000061035156,161.37399291992188,157.15499877929688,160.88999938964844,160.335693359375,20639500,0.0,0.0
2025-05-01 04:00:00,162.52000427246094,163.94000244140625,160.92999267578125,162.7899932861328,162.22914123535156,21904300,0.0,0.0
2025-05-02 04:00:00,164.9550018310547,166.6999969482422,163.66000366210938,165.80999755859375,165.23875427246094,16844900,0.0,0.0
2025-05-05 04:00:00,164.51499938964844,167.10000610351562,164.47000122070312,166.0500030517578,165.47792053222656,15309300,0.0,0.0
2025-05-06 04:00:00,163.9600067138672,166.74000549316406,163.1300048828125,165.1999969482422,164.63084411621094,10691900,0.0,0.0
2025-05-07 04:00:00,166.07000732421875,166.99000549316406,149.49000549316406,152.8000030517578,152.27357482910156,78729800,0.0,0.0
2025-05-08 04:00:00,155.9199981689453,157.41000366210938,154.10000610351562,155.75,155.21339416503906,38387500,0.0,0.0
2025-05-09 04:00:00,155.5500030517578,156.42999267578125,153.8300018310547,154.3800048828125,153.84812927246094,22871000,0.0,0.0
2025-05-12 04:00:00,159.10000610351562,160.44000244140625,157.88999938964844,159.5800018310547,159.0302276611328,31884900,0.0,0.0
2025-05-13 04:00:00,159.9199981689453,162.05999755859375,157.5800018310547,160.88999938964844,160.335693359375,24944300,0.0,0.0
2025-05-14 04:00:00,161.30999755859375,168.33999633789062,160.92999267578125,166.80999755859375,166.2353057861328,31769200,0.0,0.0
2025-05-15 04:00:00,167.13999938964844,167.50999450683594,163.83999633789062,165.39999389648438,164.83016967773438,22717600,0.0,0.0
2025-05-16 04:00:00,168.92999267578125,170.64999389648438,166.9499969482422,167.42999267578125,166.85316467285156,36271400,0.0,0.0
2025-05-19 04:00:00,165.71499633789062,167.9499969482422,165.4149932861328,167.8699951171875,167.29164123535156,21374700,0.0,0.0
2025-05-20 04:00:00,167.75999450683594,169.67999267578125,164.25999450683594,165.32000732421875,164.75045776367188,33563300,0.0,0.0
2025-05-21 04:00:00,164.9499969482422,174.52999877929688,164.88999938964844,170.05999755859375,169.47410583496094,45567600,0.0,0.0
2025-05-22 04:00:00,173.35000610351562,178.1300048828125,171.8800048828125,171.97999572753906,171.38748168945312,45024100,0.0,0.0
2025-05-23 04:00:00,170.27999877929688,171.2050018310547,169.25999450683594,169.58999633789062,169.0057373046875,24963600,0.0,0.0
2025-05-27 04:00:00,171.3000030517578,174.2899932861328,171.2100067138672,173.97999572753906,173.38059997558594,24341300,0.0,0.0
2025-05-28 04:00:00,173.97999572753906,176.47999572753906,173.01499938964844,173.3800048828125,172.78268432617188,25999200,0.0,0.0
2025-05-29 04:00:00,175.0,175.39999389648438,171.77999877929688,172.9600067138672,172.36412048339844,21174700,0.0,0.0
2025-05-30 04:00:00,172.41000366210938,173.44000244140625,168.52499389648438,172.85000610351562,172.25450134277344,36258300,0.0,0.0
2025-06-02 04:00:00,169.00999450683594,171.06199645996094,168.64999389648438,170.3699951171875,169.7830352783203,24742900,0.0,0.0
2025-06-03 04:00:00,168.86500549316406,169.8000030517578,166.67999267578125,167.7100067138672,167.13221740722656,25386700,0.0,0.0
2025-06-04 04:00:00,168.27999877929688,169.5800018310547,167.7949981689453,169.38999938964844,168.80642700195312,18508700,0.0,0.0
2025-06-05 04:00:00,171.6199951171875,172.36000061035156,169.35000610351562,169.80999755859375,169.2249755859375,25375400,0.0,0.0
2025-06-06 04:00:00,172.3000030517578,175.8300018310547,172.3000030517578,174.9199981689453,174.31736755371094,22258100,0.0,0.0
2025-06-09 04:00:00,175.8699951171875,177.9149932861328,175.66000366210938,177.6300048828125,177.23081970214844,18817600,0.21,0.0
2025-06-10 04:00:00,177.75999450683594,182.44500732421875,176.47500610351562,180.00999450683594,179.60545349121094,32908000,0.0,0.0
2025-06-11 04:00:00,181.22999572753906,181.75,178.0,178.7899932861328,178.38818359375,18994400,0.0,0.0
2025-06-12 04:00:00,177.47999572753906,178.1300048828125,176.11000061035156,176.97000122070312,176.57228088378906,17345900,0.0,0.0
2025-06-13 04:00:00,173.5800018310547,178.34300231933594,173.57000732421875,175.8800048828125,175.4847412109375,20873200,0.0,0.0
2025-06-16 04:00:00,175.90499877929688,178.2449951171875,175.82000732421875,177.94000244140625,177.5401153564453,18132500,0.0,0.0
2025-06-17 04:00:00,177.0,178.71499633789062,175.94000244140625,177.22999572753906,176.83169555664062,17656100,0.0,0.0
2025-06-18 04:00:00,177.27999877929688,177.82400512695312,172.83999633789062,173.97999572753906,173.58900451660156,32531800,0.0,0.0
2025-06-20 04:00:00,174.86500549316406,175.36500549316406,166.27000427246094,167.72999572753906,167.35304260253906,55402600,0.0,0.0
2025-06-23 04:00:00,167.32000732421875,168.47999572753906,163.3300018310547,166.00999450683594,165.6369171142578,36975600,0.0,0.0
2025-06-24 04:00:00,167.68499755859375,169.25,166.91000366210938,167.74000549316406,167.363037109375,27310300,0.0,0.0
2025-06-25 04:00:00,168.64999389648438,173.36000061035156,168.56100463867188,171.49000549316406,171.1046142578125,23627400,0.0,0.0
2025-06-26 04:00:00,173.38499450683594,174.64999389648438,170.86000061035156,174.42999267578125,174.03797912597656,25909100,0.0,0.0
2025-06-27 04:00:00,174.6300048828125,178.83999633789062,172.7100067138672,178.27000427246094,177.86936950683594,74053100,0.0,0.0
2025-06-30 04:00:00,180.78500366210938,181.5800018310547,175.5,177.38999938964844,176.99134826660156,43964600,0.0,0.0
2025-07-01 04:00:00,176.80499267578125,177.22000122070312,174.66000366210938,176.91000366210938,176.51243591308594,25778500,0.0,0.0
2025-07-02 04:00:00,176.5449981689453,179.93499755859375,176.08999633789062,179.75999450683594,179.3560028076172,19325900,0.0,0.0
2025-07-03 04:00:00,179.82000732421875,180.77000427246094,178.19000244140625,180.5500030517578,180.1442413330078,13287400,0.0,0.0
2025-07-07 04:00:00,180.13499450683594,180.33999633789062,176.63999938964844,177.55999755859375,177.1609649658203,20991400,0.0,0.0
2025-07-08 04:00:00,178.77999877929688,178.7899932861328,173.9199981689453,175.16000366210938,174.766357421875,24108600,0.0,0.0
2025-07-09 04:00:00,176.11000061035156,180.27999877929688,173.8800048828125,177.66000366210938,177.2607421875,31288000,0.0,0.0
2025-07-10 04:00:00,176.6699981689453,179.58999633789062,175.74000549316406,178.6999969482422,178.2983856201172,24693700,0.0,0.0
2025-07-11 04:00:00,177.91000366210938,182.61000061035156,177.54100036621094,181.30999755859375,180.9025421142578,23975700,0.0,0.0
2025-07-14 04:00:00,182.07000732421875,184.72999572753906,180.71099853515625,182.80999755859375,182.399169921875,20990400,0.0,0.0
2025-07-15 04:00:00,183.94000244140625,185.41000366210938,182.38999938964844,183.10000610351562,182.6885223388672,23911600,0.0,0.0
2025-07-16 04:00:00,184.32000732421875,185.3350067138672,183.0800018310547,183.77000427246094,183.3570098876953,21152600,0.0,0.0
2025-07-17 04:00:00,183.11500549316406,185.18699645996094,181.5,184.6999969482422,184.284912109375,21654400,0.0,0.0
2025-07-18 04:00:00,186.6199951171875,187.36000061035156,184.72999572753906,185.94000244140625,185.52212524414062,21033400,0.0,0.0
2025-07-21 04:00:00,187.10000610351562,191.25999450683594,187.0500030517578,191.14999389648438,190.7204132080078,24665000,0.0,0.0
2025-07-22 04:00:00,192.4199981689453,193.36000061035156,188.4949951171875,192.11000061035156,191.6782684326172,26212900,0.0,0.0
2025-07-23 04:00:00,192.36000061035156,193.36000061035156,190.17999267578125,191.50999450683594,191.07960510253906,34068100,0.0,0.0
2025-07-24 04:00:00,198.11000061035156,198.97000122070312,191.9499969482422,193.1999969482422,192.76580810546875,45252100,0.0,0.0
2025-07-25 04:00:00,192.92999267578125,195.27499389648438,192.1300048828125,194.0800018310547,193.6438446044922,31101800,0.0,0.0
2025-07-28 04:00:00,194.41000366210938,194.82000732421875,191.85499572753906,193.4199981689453,192.9853057861328,25553500,0.0,0.0
2025-07-29 04:00:00,193.3000030517578,196.66000366210938,192.99000549316406,196.42999267578125,195.98854064941406,31891600,0.0,0.0
2025-07-30 04:00:00,196.3000030517578,198.47999572753906,195.55999755859375,197.44000244140625,196.9962921142578,21150500,0.0,0.0
2025-07-31 04:00:00,196.60000610351562,196.8300018310547,192.0800018310547,192.86000061035156,192.42657470703125,27852000,0.0,0.0
2025-08-01 04:00:00,189.77999877929688,191.6179962158203,188.6999969482422,189.9499969482422,189.52310180664062,21236700,0.0,0.0
2025-08-04 04:00:00,191.1750030517578,196.0800018310547,190.9199981689453,195.75,195.31008911132812,23386000,0.0,0.0
2025-08-05 04:00:00,195.5449981689453,198.6999969482422,194.6750030517578,195.32000732421875,194.8810577392578,19010200,0.0,0.0
2025-08-06 04:00:00,195.25,197.3800048828125,194.4669952392578,196.9199981689453,196.4774627685547,15383700,0.0,0.0
2025-08-07 04:00:00,197.7100067138672,198.3699951171875,195.22000122070312,197.27999877929688,196.83665466308594,14660600,0.0,0.0
2025-08-08 04:00:00,197.97999572753906,203.42999267578125,197.89999389648438,202.08999633789062,201.6358184814453,24379900,0.0,0.0
2025-08-11 04:00:00,201.55499267578125,202.16000366210938,199.8000030517578,201.6300048828125,201.17686462402344,16690200,0.0,0.0
2025-08-12 04:00:00,202.09500122070312,205.1300048828125,201.39999389648438,204.16000366210938,203.70118713378906,19854000,0.0,0.0
2025-08-13 04:00:00,204.97999572753906,205.42999267578125,198.63999938964844,203.02999877929688,202.57371520996094,19573000,0.0,0.0
2025-08-14 04:00:00,202.55999755859375,205.4199981689453,202.3249969482422,203.82000732421875,203.36195373535156,17777100,0.0,0.0
2025-08-15 04:00:00,204.72000122070312,207.3300018310547,202.0850067138672,204.91000366210938,204.44949340820312,21111400,0.0,0.0
2025-08-18 04:00:00,205.07000732421875,206.13999938964844,203.41000366210938,204.2899932861328,203.83090209960938,13000200,0.0,0.0
2025-08-19 04:00:00,203.90499877929688,204.2899932861328,200.92999267578125,202.49000549316406,202.03494262695312,13476600,0.0,0.0
2025-08-20 04:00:00,201.67999267578125,202.1699981689453,197.4600067138672,200.19000244140625,199.74009704589844,13971700,0.0,0.0
2025-08-21 04:00:00,200.72000122070312,203.36000061035156,200.39999389648438,200.6199951171875,200.16912841796875,11768900,0.0,0.0
2025-08-22 04:00:00,203.9600067138672,209.22999572753906,202.1300048828125,206.72000122070312,206.2554473876953,25723700,0.0,0.0
2025-08-25 04:00:00,207.0,211.08999633789062,205.9499969482422,209.16000366210938,208.68995666503906,22788800,0.0,0.0
2025-08-26 04:00:00,208.3699951171875,208.4600067138672,206.4499969482422,207.9499969482422,207.482666015625,23051000,0.0,0.0
2025-08-27 04:00:00,206.4600067138672,209.57000732421875,206.38999938964844,208.2100067138672,207.74208068847656,15249000,0.0,0.0
2025-08-28 04:00:00,207.83999633789062,212.89999389648438,207.60000610351562,212.3699951171875,211.89273071289062,20915700,0.0,0.0
2025-08-29 04:00:00,211.27000427246094,215.33999633789062,210.97000122070312,213.52999877929688,213.05010986328125,24682200,0.0,0.0
2025-09-02 04:00:00,208.99000549316406,212.36900329589844,206.9600067138672,211.99000549316406,211.51358032226562,28900100,0.0,0.0
2025-09-03 04:00:00,226.47999572753906,231.8000030517578,225.1199951171875,231.10000610351562,230.58065795898438,72250300,0.0,0.0
2025-09-04 04:00:00,230.15499877929688,232.77000427246094,226.75999450683594,232.66000366210938,232.13714599609375,32196000,0.0,0.0
2025-09-05 04:00:00,232.66000366210938,236.1300048828125,232.3800048828125,235.1699981689453,234.64149475097656,26127700,0.0,0.0
2025-09-08 04:00:00,235.7899932861328,238.39999389648438,233.72999572753906,234.16000366210938,233.84259033203125,23128800,0.21,0.0
2025-09-09 04:00:00,234.19000244140625,240.58999633789062,233.3800048828125,239.94000244140625,239.61474609375,22854800,0.0,0.0
2025-09-10 04:00:00,239.25,242.0800018310547,238.11000061035156,239.55999755859375,239.23526000976562,19990100,0.0,0.0
2025-09-11 04:00:00,240.13999938964844,242.57000732421875,236.5800018310547,240.77999877929688,240.45361328125,21308600,0.0,0.0
2025-09-12 04:00:00,240.8000030517578,242.42300415039062,238.5,241.3800048828125,241.0528106689453,14536600,0.0,0.0
2025-09-15 04:00:00,245.13999938964844,252.75,244.97999572753906,251.75999450683594,251.41873168945312,29935200,0.0,0.0
2025-09-16 04:00:00,252.3300018310547,253.22999572753906,249.71499633789062,251.4199981689453,251.0791778564453,24493500,0.0,0.0
2025-09-17 04:00:00,251.4600067138672,251.9499969482422,246.5800018310547,249.85000610351562,249.51132202148438,20491300,0.0,0.0
2025-09-18 04:00:00,251.86000061035156,254.13999938964844,250.11000061035156,252.3300018310547,251.98794555664062,21166400,0.0,0.0
2025-09-19 04:00:00,253.39999389648438,256.70001220703125,252.0679931640625,255.24000549316406,254.89401245117188,41616800,0.0,0.0
2025-09-22 04:00:00,254.77999877929688,256.30999755859375,250.80999755859375,252.8800048828125,252.53721618652344,20079000,0.0,0.0
2025-09-23 04:00:00,253.65499877929688,254.77000427246094,251.08999633789062,252.33999633789062,251.99794006347656,17521100,0.0,0.0
2025-09-24 04:00:00,252.14999389648438,252.9600067138672,247.22000122070312,247.8300018310547,247.4940643310547,16958500,0.0,0.0
2025-09-25 04:00:00,244.83999633789062,247.31500244140625,241.64999389648438,246.57000732421875,246.2357635498047,17379800,0.0,0.0
2025-09-26 04:00:00,247.78500366210938,250.1199951171875,246.63999938964844,247.17999267578125,246.8449249267578,16594600,0.0,0.0
2025-09-29 04:00:00,248.27499389648438,251.6479949951172,243.1999969482422,244.36000061035156,244.0287628173828,23157200,0.0,0.0
2025-09-30 04:00:00,243.05999755859375,243.6750030517578,239.5709991455078,243.5500030517578,243.2198486328125,22541200,0.0,0.0
2025-10-01 04:00:00,241.17999267578125,247.14999389648438,239.1999969482422,245.5399932861328,245.2071533203125,23967700,0.0,0.0
2025-10-02 04:00:00,245.63999938964844,247.63499450683594,243.10499572753906,246.42999267578125,246.095947265625,20657500,0.0,0.0
2025-10-03 04:00:00,245.22999572753906,247.1179962158203,242.47000122070312,246.4499969482422,246.1159210205078,19941400,0.0,0.0
2025-10-06 04:00:00,245.77999877929688,252.1999969482422,245.69000244140625,251.50999450683594,251.16905212402344,18309000,0.0,0.0
2025-10-07 04:00:00,248.92999267578125,251.5500030517578,246.80999755859375,247.1300048828125,246.7949981689453,13811200,0.0,0.0
2025-10-08 04:00:00,246.1999969482422,247.25999450683594,245.08999633789062,245.4600067138672,245.1272735595703,14136500,0.0,0.0
2025-10-09 04:00:00,245.05999755859375,245.55499267578125,239.67999267578125,242.2100067138672,241.88168334960938,19375700,0.0,0.0
2025-10-10 04:00:00,242.16000366210938,244.83999633789062,236.68499755859375,237.49000549316406,237.16807556152344,22449100,0.0,0.0
2025-10-13 04:00:00,241.02999877929688,244.99000549316406,240.75,244.63999938964844,244.30838012695312,12465000,0.0,0.0
2025-10-14 04:00:00,241.7550048828125,248.02499389648438,241.17799377441406,246.19000244140625,245.85629272460938,17705400,0.0,0.0
2025-10-15 04:00:00,248.0850067138672,252.75999450683594,246.7899932861328,251.7100067138672,251.36880493164062,16048100,0.0,0.0
2025-10-16 04:00:00,252.46499633789062,257.5799865722656,250.6699981689453,251.8800048828125,251.53857421875,18946000,0.0,0.0
2025-10-17 04:00:00,251.35000610351562,254.8800048828125,248.58999633789062,253.7899932861328,253.4459686279297,17653800,0.0,0.0
2025-10-20 04:00:00,255.22999572753906,257.8800048828125,254.60000610351562,257.0199890136719,256.6716003417969,13726800,0.0,0.0
2025-10-21 04:00:00,255.25,255.3800048828125,244.6699981689453,251.33999633789062,250.99929809570312,27836400,0.0,0.0
2025-10-22 04:00:00,255.00999450683594,257.17999267578125,250.4510040283203,252.52999877929688,252.18768310546875,19650200,0.0,0.0
2025-10-23 04:00:00,253.6999969482422,255.86000061035156,252.76800537109375,253.72999572753906,253.3860626220703,13241300,0.0,0.0
2025-10-24 04:00:00,257.29998779296875,262.510009765625,256.1000061035156,260.510009765625,260.1568603515625,18406000,0.0,0.0
2025-10-27 04:00:00,265.3599853515625,270.79998779296875,264.94000244140625,269.92999267578125,269.5640869140625,22987700,0.0,0.0
2025-10-28 04:00:00,270.20001220703125,271.3800048828125,267.1700134277344,268.42999267578125,268.0661315917969,20101200,0.0,0.0
2025-10-29 04:00:00,268.6099853515625,275.9700012207031,268.42999267578125,275.1700134277344,274.7969970703125,26287900,0.0,0.0
2025-10-30 04:00:00,291.7200012207031,291.92999267578125,280.45001220703125,281.8999938964844,281.5178527832031,48570000,0.0,0.0
2025-10-31 04:00:00,283.2049865722656,286.2850036621094,277.52301025390625,281.82000732421875,281.43798828125,29932800,0.0,0.0
2025-11-03 05:00:00,282.4200134277344,285.94000244140625,280.3699951171875,284.1199951171875,283.73486328125,19691800,0.0,0.0
2025-11-04 05:00:00,277.06500244140625,281.8340148925781,276.864990234375,278.05999755859375,277.6830749511719,18123700,0.0,0.0
2025-11-05 05:00:00,279.3800048828125,286.70001220703125,277.8800048828125,284.75,284.364013671875,20063200,0.0,0.0
2025-11-06 05:00:00,285.7349853515625,288.80999755859375,281.6199951171875,285.3399963378906,284.9532165527344,23103800,0.0,0.0
2025-11-07 05:00:00,284.2099914550781,284.5,275.739990234375,279.70001220703125,279.32086181640625,21991100,0.0,0.0
2025-11-10 05:00:00,285.2650146484375,291.4599914550781,283.5400085449219,290.5899963378906,290.19610595703125,19508200,0.0,0.0
2025-11-11 05:00:00,288.20001220703125,292.3399963378906,287.8800048828125,291.739990234375,291.3445129394531,14156700,0.0,0.0
2025-11-12 05:00:00,292.0849914550781,292.3599853515625,284.3800048828125,287.42999267578125,287.04034423828125,16998800,0.0,0.0
2025-11-13 05:00:00,282.9849853515625,283.510009765625,278.0,279.1199951171875,278.74163818359375,18060200,0.0,0.0
2025-11-14 05:00:00,271.8949890136719,279.1499938964844,271.4100036621094,276.9800109863281,276.60455322265625,18330500,0.0,0.0
2025-11-17 05:00:00,286.3999938964844,294.5199890136719,284.2300109863281,285.6000061035156,285.2128601074219,34286100,0.0,0.0
2025-11-18 05:00:00,288.4849853515625,289.43499755859375,279.010009765625,284.9599914550781,284.5736999511719,29702200,0.0,0.0
2025-11-19 05:00:00,287.68499755859375,304.25,287.6700134277344,292.989990234375,292.59283447265625,43123600,0.0,0.0
2025-11-20 05:00:00,304.739990234375,306.8900146484375,289.1700134277344,289.9800109863281,289.5869445800781,34801400,0.0,0.0
2025-11-21 05:00:00,296.8699951171875,303.9599914550781,294.3599853515625,299.6499938964844,299.2438049316406,43670600,0.0,0.0
2025-11-24 05:00:00,311.010009765625,319.79998779296875,309.3999938964844,318.4700012207031,318.0382995605469,55311800,0.0,0.0
2025-11-25 05:00:00,326.79998779296875,328.6700134277344,317.8160095214844,323.6400146484375,323.2012939453125,50899300,0.0,0.0
2025-11-26 05:00:00,320.7799987792969,324.989990234375,317.20001220703125,320.2799987792969,319.8458557128906,29839600,0.0,0.0
2025-11-28 05:00:00,323.42999267578125,326.8800048828125,316.94000244140625,320.1199951171875,319.68603515625,19695800,0.0,0.0
2025-12-01 05:00:00,317.4750061035156,319.6300048828125,313.9800109863281,315.1199951171875,314.6928405761719,28520600,0.0,0.0
2025-12-02 05:00:00,316.8999938964844,318.6000061035156,314.2200012207031,316.0199890136719,315.59161376953125,24668200,0.0,0.0
2025-12-03 05:00:00,316.0299987792969,322.0400085449219,314.2799987792969,320.6199951171875,320.1853942871094,32285100,0.0,0.0
2025-12-04 05:00:00,323.0450134277344,323.0989990234375,315.5899963378906,318.3900146484375,317.9584045410156,20831600,0.0,0.0
2025-12-05 05:00:00,320.0,323.8299865722656,319.9800109863281,322.0899963378906,321.65338134765625,15719900,0.0,0.0
2025-12-08 05:00:00,321.0299987792969,321.2300109863281,311.9100036621094,314.45001220703125,314.2286376953125,22006900,0.21,0.0
2025-12-09 05:00:00,313.1000061035156,318.7090148925781,312.6199951171875,317.75,317.52630615234375,14151300,0.0,0.0
2025-12-10 05:00:00,316.6199951171875,321.8699951171875,315.3999938964844,321.0,320.7740173339844,22764500,0.0,0.0
2025-12-11 05:00:00,321.1000061035156,321.989990234375,309.8800048828125,313.70001220703125,313.4791564941406,25912100,0.0,0.0
2025-12-12 05:00:00,314.7950134277344,316.1400146484375,306.9599914550781,310.5199890136719,310.3013916015625,21264800,0.0,0.0
2025-12-15 05:00:00,312.625,312.70001220703125,305.739990234375,309.32000732421875,309.10223388671875,22028900,0.0,0.0
2025-12-16 05:00:00,306.0,311.8450012207031,303.8299865722656,307.7300109863281,307.51336669921875,21285200,0.0,0.0
2025-12-17 05:00:00,309.010009765625,309.19500732421875,297.45001220703125,298.05999755859375,297.85015869140625,29120400,0.0,0.0
2025-12-18 05:00:00,303.05999755859375,305.260009765625,300.6300048828125,303.75,303.5361633300781,21040500,0.0,0.0
2025-12-19 05:00:00,303.2699890136719,308.989990234375,302.3399963378906,308.6099853515625,308.3927307128906,45234400,0.0,0.0
2025-12-22 05:00:00,311.2250061035156,311.70001220703125,306.5899963378906,311.3299865722656,311.1108093261719,14091400,0.0,0.0
2025-12-23 05:00:00,311.135009765625,316.29998779296875,310.75,315.67999267578125,315.457763671875,13961400,0.0,0.0
2025-12-24 05:00:00,316.1499938964844,316.2900085449219,313.32000732421875,315.6700134277344,315.4477844238281,6138200,0.0,0.0
2025-12-26 05:00:00,315.9200134277344,316.55999755859375,313.7200012207031,314.9599914550781,314.7382507324219,6730900,0.0,0.0
2025-12-29 05:00:00,312.82000732421875,314.9700012207031,311.8999938964844,314.3900146484375,314.168701171875,12317700,0.0,0.0
2025-12-30 05:00:00,313.4100036621094,317.70001220703125,313.25,314.54998779296875,314.32855224609375,11052500,0.0,0.0
2025-12-31 05:00:00,313.3699951171875,315.3900146484375,312.20001220703125,313.79998779296875,313.5790710449219,10821500,0.0,0.0
2026-01-02 05:00:00,317.5899963378906,322.91400146484375,310.6499938964844,315.32000732421875,315.0980224609375,22043700,0.0,0.0
2026-01-05 05:00:00,317.69500732421875,319.25,315.2489929199219,317.32000732421875,317.09661865234375,19934000,0.0,0.0
2026-01-06 05:00:00,317.30999755859375,321.55999755859375,312.3399963378906,314.54998779296875,314.32855224609375,18989900,0.0,0.0
2026-01-07 05:00:00,314.57000732421875,326.4649963378906,314.5,322.42999267578125,322.2030029296875,24681800,0.0,0.0
2026-01-08 05:00:00,329.2650146484375,330.5400085449219,321.989990234375,326.010009765625,325.7804870605469,21789600,0.0,0.0
2026-01-09 05:00:00,327.489990234375,331.4800109863281,326.25,329.1400146484375,328.9082946777344,17917700,0.0,0.0
2026-01-12 05:00:00,326.5,334.44000244140625,325.510009765625,332.7300109863281,332.4957580566406,23893800,0.0,0.0
2026-01-13 05:00:00,335.2799987792969,341.20001220703125,334.3500061035156,336.42999267578125,336.1931457519531,24616700,0.0,0.0
2026-01-14 05:00:00,334.9849853515625,337.0299987792969,331.1400146484375,336.30999755859375,336.0732421875,17839300,0.0,0.0
2026-01-15 05:00:00,338.05499267578125,338.1300048828125,331.2900085449219,333.1600036621094,332.92547607421875,16424900,0.0,0.0
2026-01-16 05:00:00,334.93499755859375,335.239990234375,328.1700134277344,330.3399963378906,330.1074523925781,21868600,0.0,0.0
2026-01-20 05:00:00,321.239990234375,328.0899963378906,320.8900146484375,322.1600036621094,321.9331970214844,27169900,0.0,0.0
2026-01-21 05:00:00,321.0950012207031,332.7250061035156,319.5400085449219,328.3800048828125,328.1488342285156,22791700,0.0,0.0
2026-01-22 05:00:00,334.2650146484375,335.2099914550781,328.8800048828125,330.8399963378906,330.6070861816406,19902100,0.0,0.0
2026-01-23 05:00:00,332.6549987792969,334.0299987792969,327.9700012207031,328.42999267578125,328.19879150390625,19110600,0.0,0.0
2026-01-26 05:00:00,328.20001220703125,336.3500061035156,327.489990234375,333.5899963378906,333.35516357421875,18502500,0.0,0.0
2026-01-27 05:00:00,335.6300048828125,338.2149963378906,333.75,335.0,334.76416015625,16080900,0.0,0.0
2026-01-28 05:00:00,336.6099853515625,337.6300048828125,332.1300048828125,336.2799987792969,336.04327392578125,17538500,0.0,0.0
2026-01-29 05:00:00,340.3500061035156,342.2900085449219,326.7200012207031,338.6600036621094,338.4216003417969,24548300,0.0,0.0
2026-01-30 05:00:00,334.4599914550781,340.2900085449219,332.6400146484375,338.5299987792969,338.29168701171875,21740200,0.0,0.0
2026-02-02 05:00:00,336.54998779296875,345.1650085449219,336.010009765625,344.8999938964844,344.6571960449219,22775200,0.0,0.0
2026-02-03 05:00:00,348.5150146484375,350.1499938964844,338.5899963378906,340.70001220703125,340.4601745605469,25786500,0.0,0.0
2026-02-04 05:00:00,343.7550048828125,344.25,329.3699951171875,333.3399963378906,333.1053161621094,36991100,0.0,0.0
2026-02-05 05:00:00,313.20001220703125,332.6440124511719,306.9200134277344,331.3299865722656,331.09674072265625,51842000,0.0,0.0
2026-02-06 05:00:00,327.3500061035156,330.6400146484375,320.1499938964844,323.1000061035156,322.87255859375,33877000,0.0,0.0
2026-02-09 05:00:00,321.239990234375,327.739990234375,317.70001220703125,324.3999938964844,324.171630859375,26103300,0.0,0.0
2026-02-10 05:00:00,320.9100036621094,321.6300048828125,314.6600036621094,318.6300048828125,318.40570068359375,25281900,0.0,0.0
2026-02-11 05:00:00,318.9599914550781,321.0450134277344,310.1300048828125,311.3299865722656,311.1108093261719,24008100,0.0,0.0
2026-02-12 05:00:00,312.3500061035156,316.4800109863281,308.1499938964844,309.3699951171875,309.1521911621094,28194000,0.0,0.0
2026-02-13 05:00:00,307.9849853515625,308.8900146484375,303.8999938964844,306.0199890136719,305.8045654296875,20236000,0.0,0.0
2026-02-17 05:00:00,300.6400146484375,304.8900146484375,296.8999938964844,302.82000732421875,302.6068115234375,23750800,0.0,0.0
2026-02-18 05:00:00,302.4320068359375,305.9100036621094,301.9800109863281,303.94000244140625,303.7260437011719,15847700,0.0,0.0
2026-02-19 05:00:00,302.5199890136719,306.0299987792969,300.6700134277344,303.55999755859375,303.3462829589844,13448600,0.0,0.0
2026-02-20 05:00:00,304.79998779296875,316.760009765625,304.4200134277344,314.8999938964844,314.6783142089844,33663100,0.0,0.0
2026-02-23 05:00:00,319.1400146484375,319.4549865722656,309.989990234375,311.69000244140625,311.4705810546875,17641200,0.0,0.0
2026-02-24 05:00:00,310.6400146484375,312.3699951171875,306.0899963378906,310.9200134277344,310.7011413574219,15040700,0.0,0.0
2026-02-25 05:00:00,312.1199951171875,313.6600036621094,309.3599853515625,313.0299987792969,312.80963134765625,20209100,0.0,0.0
2026-02-26 05:00:00,312.80499267578125,313.0,302.4100036621094,307.1499938964844,306.93377685546875,22380000,0.0,0.0
2026-02-27 05:00:00,303.94000244140625,312.0799865722656,303.59100341796875,311.42999267578125,311.21075439453125,33389200,0.0,0.0
2026-03-02 05:00:00,302.9649963378906,308.1400146484375,301.05999755859375,306.3599853515625,306.1443176269531,21854400,0.0,0.0
2026-03-03 05:00:00,298.4200134277344,303.94000244140625,296.6990051269531,303.55999755859375,303.3462829589844,20361100,0.0,0.0
2026-03-04 05:00:00,302.68499755859375,305.4599914550781,300.79998779296875,303.45001220703125,303.23638916015625,20015600,0.0,0.0
2026-03-05 05:00:00,303.20001220703125,303.3699951171875,298.07000732421875,300.9100036621094,300.6981506347656,22643900,0.0,0.0
2026-03-06 05:00:00,296.0719909667969,300.3299865722656,295.25,298.29998779296875,298.0899963378906,17598000,0.0,0.0
2026-03-09 04:00:00,294.135009765625,306.5,293.92999267578125,306.010009765625,306.010009765625,19632700,0.21,0.0
2026-03-10 04:00:00,305.875,309.1499938964844,305.30999755859375,306.92999267578125,306.92999267578125,14386400,0.0,0.0
2026-03-11 04:00:00,306.29998779296875,311.0690002441406,305.8399963378906,308.4200134277344,308.4200134277344,13376700,0.0,0.0
2026-03-12 04:00:00,306.2099914550781,308.6400146484375,300.8399963378906,303.2099914550781,303.2099914550781,15610200,0.0,0.0
2026-03-13 04:00:00,306.6549987792969,307.260009765625,299.7799987792969,301.4599914550781,301.4599914550781,16857500,0.0,0.0
2026-03-16 04:00:00,303.6000061035156,305.57000732421875,301.80999755859375,304.4200134277344,304.4200134277344,14822000,0.0,0.0
2026-03-17 04:00:00,304.6700134277344,310.04998779296875,304.3500061035156,309.4100036621094,309.4100036621094,14423600,0.0,0.0
2026-03-18 04:00:00,307.9049987792969,310.75,305.5450134277344,306.29998779296875,306.29998779296875,13848400,0.0,0.0
2026-03-19 04:00:00,303.2099914550781,306.67999267578125,301.0,305.7300109863281,305.7300109863281,15399700,0.0,0.0
2026-03-20 04:00:00,304.07000732421875,304.3699951171875,296.75,298.7900085449219,298.7900085449219,34763500,0.0,0.0
2026-03-23 04:00:00,300.5299987792969,303.3699951171875,298.0299987792969,299.0199890136719,299.0199890136719,22204100,0.0,0.0
2026-03-24 04:00:00,296.2099914550781,297.1000061035156,288.8550109863281,289.20001220703125,289.20001220703125,27411200,0.0,0.0
2026-03-25 04:00:00,292.1499938964844,294.6600036621094,287.3699951171875,289.5899963378906,289.5899963378906,22343000,0.0,0.0
2026-03-26 04:00:00,286.19000244140625,286.5150146484375,279.04998779296875,280.739990234375,280.739990234375,29281200,0.0,0.0
2026-03-27 04:00:00,277.3999938964844,279.0899963378906,273.4800109863281,273.760009765625,273.760009765625,25703300,0.0,0.0
2026-03-30 04:00:00,275.44000244140625,276.260009765625,271.5350036621094,273.1400146484375,273.1400146484375,22752300,0.0,0.0
2026-03-31 04:00:00,277.5400085449219,287.04998779296875,276.760009765625,286.8599853515625,286.8599853515625,31625100,0.0,0.0
2026-04-01 04:00:00,289.9800109863281,297.9849853515625,289.4700012207031,294.8999938964844,294.8999938964844,24403600,0.0,0.0
2026-04-02 04:00:00,288.989990234375,295.8999938964844,287.57000732421875,294.4599914550781,294.4599914550781,13433400,0.0,0.0
